"person_id","obs_id","sex","site","age_estimated","height_cm","weight_kg","obs_counts"
21648,"nlwrb","m","Moseten",41.9,164,76.1,2
3634,"399cj","m","Moseten",58.2,162.2,74.8,3
7661,"ou8mo","f","Moseten",52.6,146.3,68.8,3
8940,"ydg82","f","Moseten",38.8,151.5,53.4,1
16477,"5jci1","m","Moseten",46.7,159,57.2,2
31422,"t0xre","f","Moseten",42.2,149.9,52.6,3
16323,"xp2n7","m","Moseten",60.2,152,63.1,3
29130,"tau26","f","Moseten",63,146.8,58.3,3
20116,"hh979","f","Moseten",45.9,147.1,48.8,3
9204,"x1s1d","f","Moseten",40.2,161.3,64.4,3
3648,"adoos","m","Moseten",60.6,157,58.6,1
30232,"tp3gb","m","Moseten",56.2,156.6,51,2
28897,"djjmz","f","Moseten",53.5,147,43.6,3
5616,"463j4","f","Moseten",66,144.7,47.9,3
29308,"axjyy","f","Moseten",41.4,151.5,66.2,3
14299,"9i5s2","m","Moseten",41.7,157,56.1,1
16347,"4w6wm","f","Moseten",59.4,146.2,NA,3
28227,"qs2vx","m","Moseten",44.4,161,59.1,3
28961,"ixbpg","f","Moseten",44.6,151.5,69.9,3
14225,"mogka","m","Moseten",42.5,164.5,64.6,2
5887,"p6esa","f","Moseten",60.2,145.2,52.2,1
29145,"97q7j","m","Moseten",47.9,154.8,53.5,3
22349,"1ho4r","f","Moseten",41.4,153.1,54.4,2
20124,"5sszq","m","Moseten",77.2,150.4,68.4,1
1283,"zd8k0","f","Moseten",69.5,143.4,45.5,3
15437,"x7fih","m","Moseten",47.6,157.2,49.6,3
16746,"jg3oh","f","Moseten",50.6,150.4,51.3,2
956,"iv6p4","m","Moseten",70.2,159.1,57.3,2
13396,"gdpxj","f","Moseten",59.6,148.2,55.2,3
8,"ach9m","m","Moseten",46.6,170,71.9,3
16711,"z7t67","f","Moseten",39.8,150.6,43.6,2
2801,"nqjiv","m","Moseten",69.7,160.7,56.9,3
594,"czpmd","f","Moseten",61.3,151,72.4,3
7927,"ytzx2","f","Moseten",55.7,148.1,50.1,3
3473,"68jb4","f","Moseten",66.9,150.8,51.3,3
8050,"rg7k2","m","Moseten",44.6,166.6,69.8,3
4,"xnn28","f","Moseten",40.1,146.2,48.9,3
21339,"cabcl","f","Moseten",43.4,142.6,46.8,3
23133,"c0t6b","m","Moseten",47.2,162.8,71.6,2
10785,"5unpb","m","Moseten",49.1,161.8,67.8,3
14043,"v0rwz","f","Moseten",43.7,149.2,76,2
17490,"mbizd","m","Moseten",54.5,159.7,71.2,2
6898,"fenlw","m","Moseten",54.3,165.6,61.9,3
19628,"pdis3","f","Moseten",44.1,148,55.2,3
25729,"xic6c","m","Moseten",49.1,159.4,65.3,3
2115,"zunb5","f","Moseten",78.4,NA,54,1
1826,"val4r","f","Moseten",51.9,155.4,63.3,3
22190,"86dsf","m","Moseten",63.1,164.2,61.2,3
18243,"n4bk0","f","Moseten",52.6,151.2,57.8,3
28617,"urw67","m","Moseten",60.8,152.7,49.1,2
23029,"9wiwk","f","Moseten",59.8,145.5,52.9,3
30747,"dh983","f","Moseten",57,146.2,49.6,3
28262,"knh81","m","Moseten",61.7,154.9,54.3,3
30586,"9spmr","m","Moseten",42.7,164.3,66.6,2
23239,"e8mcj","f","Moseten",33.7,151,67.3,1
7947,"rhgir","f","Moseten",44.8,147.7,45.3,2
17954,"gd6g3","f","Moseten",57.5,140.2,49.9,3
14005,"cmwuo","f","Moseten",46.7,155.1,60.8,3
5934,"ugcsv","m","Moseten",46.8,168.9,67.8,2
5521,"3nfc3","m","Moseten",40.2,160,84.3,3
32242,"hmwsn","f","Moseten",54.5,143.3,65.1,3
20346,"wgntm","m","Moseten",58.4,152.3,61.7,2
11814,"lud7q","m","Moseten",57.3,157.5,52,3
8777,"vctcz","f","Moseten",54.5,149.6,62.4,3
16834,"xreny","m","Moseten",73.9,160.5,77.7,3
15613,"ayz6z","f","Moseten",64.9,148.8,53.3,3
19260,"dz34k","f","Moseten",43.2,152.1,51.8,2
21982,"m0w3a","f","Moseten",48.5,152.2,64.2,2
15474,"3jg90","m","Moseten",46.8,164.2,61,2
29298,"e1h1c","f","Moseten",55,150.5,59.5,3
21846,"4wgzv","m","Moseten",60.5,158.8,63.4,3
30891,"e2buu","f","Moseten",44.7,155.5,67.1,3
24355,"pffeo","m","Moseten",47.6,161.2,56.9,2
16579,"wvmj6","m","Moseten",61.3,151.4,55.4,3
16241,"6dcc5","f","Moseten",52,150.1,49.5,3
6739,"46yls","m","Moseten",52.2,152.2,58.7,3
3746,"47xxi","f","Moseten",46.6,149.2,47.4,3
12642,"2t4ws","m","Moseten",40.4,168.5,68.6,3
6489,"j0v03","m","Moseten",53,161.8,64.3,1
3483,"0ggnt","m","Moseten",39.8,167.9,59.2,2
23162,"beed7","f","Moseten",38.2,145,64.5,2
19905,"lxmuc","f","Moseten",42.3,154.8,80.2,3
10138,"oeagc","f","Moseten",45.5,151.2,63.8,2
20776,"qsaah","f","Moseten",42.9,160,NA,4
215,"jmbge","m","Moseten",49.5,161.5,55.9,2
9989,"4pxhm","f","Moseten",56.2,152.2,58.1,2
9134,"8baz9","m","Moseten",78.5,157.3,56.1,1
18667,"pk7qw","f","Moseten",69.2,144.7,64.1,4
13073,"yhs80","m","Moseten",47.9,166.1,84.1,3
10769,"ksbj7","m","Moseten",54.3,154,58.7,1
29965,"wqmdl","f","Moseten",45.6,148.1,56.6,3
31836,"zrxuy","m","Moseten",52.6,158.3,71.8,3
31570,"8bbhy","f","Moseten",51,148.1,66.2,2
9351,"b06aa","m","Moseten",58.3,151,48.3,1
14467,"w6myw","m","Moseten",67.6,157.5,60.1,3
16955,"go6rn","f","Moseten",58.9,140.1,36.8,3
8432,"w1tg2","f","Moseten",39.7,150.3,67.1,2
27381,"dt1jf","m","Moseten",62.6,157,57.3,2
29809,"xmviq","m","Moseten",70.6,162,59.8,3
1016,"iq1yu","f","Moseten",64,148.5,55.2,3
534,"83qgf","f","Moseten",62,146.4,41,3
5094,"9kz1i","m","Moseten",39.5,161,56.4,2
24099,"xiq8z","f","Moseten",71.6,147.6,44,3
1431,"k3et4","m","Moseten",77.2,147.7,48.4,3
3048,"02211","f","Moseten",87.9,143.6,39.7,2
18859,"ivos3","m","Moseten",55.1,158.9,55.6,2
25986,"x696n","f","Moseten",45.9,152.5,85,1
13677,"2mky9","f","Moseten",55.5,150.1,64,1
11124,"gshee","m","Moseten",64.2,163.5,67,2
4413,"lh2ji","f","Moseten",67.1,144.8,98.3,1
4325,"0s83r","m","Moseten",67.2,165.5,77.7,1
5439,"d1iy1","f","Moseten",46,145.7,75.7,1
13285,"4bu2j","f","Moseten",51.7,153.1,67.3,1
27048,"b8y7b","m","Moseten",57,161.2,54.9,2
20772,"cx5zt","f","Moseten",72.9,143.7,45.4,1
30350,"k2j3s","f","Moseten",50.9,152.7,75.7,1
27468,"sf4p2","m","Moseten",76.4,158.6,66.8,3
21853,"4mmg2","m","Moseten",52.5,158.4,62.5,2
23360,"mmht6","f","Moseten",72.8,139.9,56.6,3
16832,"yu796","m","Moseten",67.5,161.5,60.7,1
8473,"nlzal","f","Moseten",59.2,153.3,60.6,2
8192,"4h3os","f","Moseten",49.2,144.5,53.8,3
16013,"614ud","f","Moseten",62.7,144.2,39,3
11626,"2pi43","f","Moseten",59.3,146.8,46.6,3
20048,"84bmo","m","Moseten",62.5,153.3,53.4,3
23967,"xu5aw","m","Moseten",59.4,158.6,59.3,2
19569,"56aul","m","Moseten",52.9,157.8,63.1,3
1154,"51svc","m","Moseten",51.1,159.5,60.2,2
8535,"vqfrk","m","Moseten",45.1,156.3,58.5,2
709,"wyj76","f","Moseten",64.4,154.4,48.8,3
18795,"nbdu9","f","Moseten",69.8,147.9,43,2
26065,"ih781","m","Moseten",72.4,158.6,57.9,3
17597,"neij2","m","Moseten",44.8,164.9,83,3
5155,"hdz41","f","Moseten",67.5,144.4,73.3,2
23645,"ius64","m","Moseten",63.7,159.2,72.9,3
25747,"1626a","f","Moseten",59.2,152.7,46.5,3
27536,"41ozz","f","Moseten",40.1,153.3,83.9,3
22435,"p79gv","f","Moseten",45.7,143.5,58.2,2
26517,"je817","m","Moseten",48.5,161.2,62.6,1
11535,"63gqt","m","Moseten",56.8,163,65.4,3
1308,"yblee","m","Moseten",45.1,159,57.7,3
21128,"v8q85","m","Moseten",49.3,170.6,76.7,2
3917,"0f9rd","f","Moseten",42.1,150.2,50.6,3
5339,"52tk0","f","Moseten",52,147.6,63.6,3
168,"nz2rc","m","Moseten",61.1,150.7,47.6,3
16185,"8irjp","f","Moseten",69.7,152.5,69.2,3
27131,"odj52","m","Moseten",49.8,153.3,60.7,2
17574,"kjlf4","m","Moseten",47.4,163.4,66.8,3
5550,"1jaem","f","Moseten",48.4,152.4,62.9,3
14682,"gc9tc","m","Moseten",47.4,153.3,56,3
30714,"0xtvv","f","Moseten",60.3,153.3,78.8,3
2751,"ivhqo","m","Moseten",54.7,157.4,65.4,3
23658,"gqpuj","f","Moseten",39.8,150,62.2,2
7726,"52xxt","m","Moseten",44.8,166,73.3,3
1694,"4w5rz","f","Moseten",43.1,157.4,53.7,3
19892,"ancqf","m","Moseten",60.3,159.7,60.6,3
29836,"ld9jz","f","Moseten",56.2,148,57.7,3
10212,"5hful","m","Moseten",65.7,160.5,58.7,3
31904,"nb4e4","m","Moseten",44.5,157.2,66.4,3
9415,"b57dj","m","Moseten",44.3,163.6,75.1,3
1040,"udm8q","m","Moseten",50.6,161.5,63,1
26056,"rfkw2","m","Moseten",43.9,159,55.2,2
16,"c60hm","f","Moseten",49,154.5,63.8,2
28529,"oyvts","m","Moseten",61.1,163.3,75.3,1
18298,"2wjbv","m","Moseten",58.7,160,59.2,3
15293,"m972p","f","Moseten",58.4,148.7,63.5,2
7714,"bo79h","m","Moseten",63.9,157.5,48.7,3
10597,"wpg40","f","Moseten",45.8,150.7,67.6,3
3116,"0hrjg","f","Moseten",56.5,157.1,67.7,3
11988,"kssgb","m","Moseten",63,161.1,71.6,2
8074,"70m8s","f","Moseten",62.2,153.4,54.3,3
18880,"gdx9e","m","Moseten",62.7,154.3,52.4,3
9892,"fsahz","m","Moseten",55.6,171.3,68.8,3
9650,"33xd0","f","Moseten",69.5,149.2,69.7,1
2060,"zwgq1","m","Moseten",55.2,155.4,64.9,1
6188,"becpu","f","Moseten",55.7,145.5,45.7,2
10452,"m5yzv","m","Moseten",53.7,157.7,50.1,1
27575,"18tne","m","Moseten",51.7,162,66.1,2
32327,"90arx","f","Moseten",43.7,151.2,76.7,3
30284,"dmh8x","m","Moseten",45.9,164.3,62.4,2
24750,"wtkyf","m","Moseten",47.4,163.1,65.9,2
32314,"8yl3n","f","Moseten",38.7,151.5,55.2,3
5144,"lry4j","m","Moseten",39.1,165.7,81.9,1
2839,"ip2is","f","Moseten",39.7,154.8,NA,2
11454,"lpqg6","m","Moseten",38.6,156.4,65,1
19588,"mqunn","m","Moseten",48.7,164.6,70.5,3
6305,"gq6wn","m","Moseten",42.7,158,66.1,1
8827,"3evt2","m","Moseten",83.3,157.1,67.3,3
30194,"4t96b","f","Moseten",81.8,146.7,54.7,2
26933,"5544d","m","Moseten",41.7,162.2,78.1,3
27912,"g7zz5","m","Moseten",53,157.8,59.8,2
13363,"7aga1","f","Moseten",39.7,148.8,57.5,3
16224,"vhgea","f","Moseten",61.3,138.5,47.6,3
9465,"k9qcm","m","Moseten",78,157.4,51.8,2
11362,"4sqzu","m","Moseten",77.8,152.7,55.9,2
30444,"js9hg","m","Moseten",66,157.4,65.5,2
26818,"1038s","m","Moseten",68,163,56.7,3
28218,"fcrv1","m","Moseten",60.5,168.8,NA,3
15443,"nloft","f","Moseten",53.4,156.2,71.3,3
18683,"45160","f","Moseten",66.5,146.4,53,3
24031,"sw72z","f","Moseten",46.3,152.9,80.9,2
25380,"7l8ul","f","Moseten",65.5,144.6,56.5,3
10734,"46t1q","m","Moseten",75,151,47.6,3
13955,"my36c","m","Moseten",68,162.7,61.8,3
30271,"4tkge","m","Moseten",53,167.3,75.2,3
16218,"rvgdv","m","Moseten",64,156,NA,3
5869,"jiv1s","f","Moseten",60.3,149.5,56.4,2
23651,"bopfp","m","Moseten",41,172.5,76.2,2
17088,"xchdv","f","Moseten",61.7,144.2,37.7,2
27818,"ak519","f","Moseten",60,144.8,73.3,3
3013,"ts6bs","m","Moseten",70,160.7,53.7,1
15381,"48bxb","f","Moseten",60.9,140.5,55.5,2
19759,"5ctuj","f","Moseten",66,143.3,40.3,3
12388,"vzxx7","f","Moseten",71.3,139.2,40.6,3
21280,"3xu4w","m","Moseten",43.3,157,51.8,1
30840,"flr4l","f","Moseten",58,156.3,75.6,2
12072,"8v3dw","f","Moseten",51.5,154,62.5,2
24811,"ezemz","f","Moseten",55.1,156.6,59.9,3
20978,"v8wkl","m","Moseten",58,162.4,61.6,3
23503,"5fpxj","m","Moseten",47.6,167,78.6,2
12005,"sv1k9","f","Moseten",43,156,62.2,2
14971,"pwz96","f","Moseten",66,142.8,42,3
16214,"kzt61","m","Moseten",65.9,162.2,66,3
1649,"lz4e9","f","Moseten",49.2,140.2,66.9,3
22236,"q9qhs","f","Moseten",46.3,152.4,53.5,2
12866,"t3yjz","f","Moseten",69,146.4,59.7,3
19825,"7roi5","m","Moseten",62,153.3,71,2
14022,"cjmqb","m","Moseten",47.2,167,94.1,3
7392,"hhntk","f","Moseten",46,144.2,42.5,2
26439,"ej3we","f","Moseten",62.8,146.5,55.7,3
16455,"cdli5","f","Moseten",59,147.1,56.4,3
17216,"tivp0","m","Moseten",57.7,164,70.6,3
17791,"pi4q7","f","Moseten",81,147.7,63.6,3
22325,"fctxy","m","Moseten",65,170.5,74.6,3
25027,"kwcg7","f","Moseten",50.2,151,58,3
23730,"8u876","m","Moseten",63.8,160.5,63.1,3
15616,"yksu7","m","Moseten",52,162.1,66,3
7334,"9sjqn","m","Moseten",40,162.5,62,1
25360,"8ixan","f","Moseten",58,150.1,77.7,3
876,"laajb","m","Moseten",54,158.3,73,3
29352,"z4lh5","m","Moseten",51.5,156.7,78.6,2
18691,"m5du6","m","Moseten",40,150.2,62.3,3
18433,"e90sl","f","Moseten",50.9,155,62.2,3
12320,"xupgw","f","Moseten",67.6,142.3,60,2
9402,"bcan2","f","Moseten",48.2,147.7,70.3,3
3024,"284mu","m","Moseten",66,160.2,67.2,3
18539,"9cxkw","f","Moseten",50.3,152.2,59.4,1
362,"wpjdr","m","Moseten",59.5,158.6,68.8,2
28028,"e0yl5","m","Moseten",47.8,167.7,75.6,3
10083,"t9wu2","f","Moseten",74,152.6,73.5,2
19305,"kean8","m","Moseten",59.9,151.5,61.8,3
19957,"gufhn","f","Moseten",47.7,145,57,3
15143,"gcyw0","f","Moseten",43,150,81.8,3
28583,"a02ns","m","Moseten",50.4,152.6,47.7,3
27070,"3da4s","m","Moseten",40.3,166.6,82.1,1
18391,"spqmv","m","Moseten",41,155,65.4,1
8197,"9rl83","f","Moseten",45.3,146.4,61.3,1
19109,"2ripm","m","Moseten",62.1,164.5,62.7,3
3396,"hsog6","f","Moseten",45,151,52.2,2
31777,"21ady","m","Moseten",44.5,174.2,85.9,3
27058,"9qjgh","f","Moseten",65.7,147,46.5,3
30689,"cxotw","f","Moseten",50.5,147,46.4,2
1147,"9dzhg","f","Moseten",47,154.4,48.5,3
19427,"rm7kv","f","Moseten",48,145.3,47.9,2
18586,"p91w8","m","Moseten",64,155.2,73,3
1338,"dq4zu","f","Moseten",44.1,154.6,72.1,3
11591,"4v7wj","m","Moseten",53,159.1,58,2
7698,"mucua","m","Moseten",45,156.4,50.1,1
2745,"sgoqj","m","Moseten",42,162.5,67.5,1
6816,"cahm9","f","Moseten",39,154.2,53.9,2
10118,"urkzq","m","Moseten",51,164.2,74.7,3
31368,"ezegc","m","Moseten",49.9,145,39.8,3
7194,"1o18y","f","Moseten",43,145.8,48.2,3
28074,"uon40","f","Moseten",39.9,152.6,57.6,3
21729,"y8lh9","m","Moseten",58.3,167.5,74.1,2
12886,"jx6gh","f","Moseten",51.6,155.6,70,2
1585,"yywfi","f","Moseten",40.2,149.3,75.3,3
31444,"be8gt","f","Moseten",51.9,147,62,3
4479,"e5tsu","m","Moseten",70.9,163.5,53.4,2
22620,"wvj72","m","Moseten",46,163,61.9,3
14056,"024jz","m","Moseten",50,162,68.9,2
4647,"mggek","f","Moseten",46.1,148.5,65.5,1
1542,"31ddf","f","Moseten",41.9,157.1,58,1
5912,"gzk1g","m","Moseten",68.1,148.7,53.2,2
16061,"72pjr","f","Moseten",40,154.4,81,2
22117,"32lrk","m","Moseten",55.6,161.1,73,3
28462,"cwuvz","f","Moseten",45.4,152.5,89.2,3
2433,"1doac","m","Moseten",48.9,163.8,81.6,2
15561,"9evew","m","Moseten",42.5,149,60.4,2
28665,"a8lve","f","Moseten",76.8,154.4,52.5,3
24440,"c3av3","m","Moseten",72.4,156.6,61.1,3
10857,"536kt","f","Moseten",75.2,142,46.1,3
14255,"b6do6","m","Moseten",63.3,149.7,47.3,3
22188,"re9sf","m","Moseten",38.3,173.5,89.3,1
11582,"41b1f","m","Moseten",59,155,76.6,1
7810,"7847j","f","Moseten",56.5,145,55,2
489,"mcs09","f","Moseten",38.9,151.5,61.8,1
13454,"k7lb0","m","Moseten",49,169.1,76.5,3
7105,"3mvgc","m","Moseten",43,160.2,81.6,3
29587,"44gj5","f","Moseten",75.9,143.6,68.9,1
27716,"lx6pb","m","Moseten",43.9,165.5,68.4,2
18781,"5lfd5","m","Moseten",41.3,169,70.6,3
26913,"hzvi1","m","Moseten",57.7,158.5,78.3,2
25268,"rewcz","m","Moseten",61.6,156.4,58.6,1
2679,"yfesd","f","Moseten",62,144,50.8,3
17973,"c3e3p","m","Moseten",52.1,160.6,57.3,3
14917,"1qrdp","f","Moseten",54.2,145,52.7,2
17324,"hbh1z","m","Moseten",41.4,159,63.7,3
12605,"ndjqb","f","Moseten",53.2,148,83.3,3
5208,"bt6of","m","Moseten",47.6,162.5,56.8,1
5526,"p0lan","m","Moseten",42.9,163.3,85.3,3
17612,"6m53a","f","Moseten",55.4,147.4,71.2,2
28948,"t9mio","m","Moseten",53.5,157.2,66.5,3
8447,"j0h38","m","Moseten",52.1,159.5,62.2,3
19385,"0xfpk","m","Moseten",51.3,158.6,64,1
5469,"4f42o","f","Moseten",40.4,158.7,76.4,3
20078,"19kwv","m","Moseten",45.2,159.1,73.3,2
25346,"31fbw","m","Moseten",58,163.8,65.5,3
26659,"aukcf","m","Moseten",64.1,162.3,61.8,3
27220,"gwr2r","f","Moseten",49.5,151,63.5,3
28980,"8iy5j","f","Moseten",54.8,150.4,70.9,3
20913,"uu2vy","f","Moseten",63.8,146.6,53.4,3
27310,"0v16x","m","Moseten",72,156.3,95.4,2
20797,"qox7d","m","Moseten",62.9,164.3,60.7,3
9458,"zpj6n","f","Moseten",58.5,151.8,58.3,3
26477,"btywv","f","Moseten",43.6,154.3,48.9,2
1586,"dxpsa","f","Moseten",40.4,146.6,77.3,3
9790,"jbrl1","f","Moseten",62,149,47.5,2
23575,"z7d4m","m","Moseten",58.5,157.9,64,1
13568,"9rfin","m","Moseten",45.1,154.5,65,3
9225,"5g07r","f","Moseten",40.1,152.2,67.3,2
8916,"msfsq","f","Moseten",52.1,147.6,67.1,1
32229,"pz2ui","m","Moseten",44.8,162,69.7,3
15363,"ppmdr","m","Moseten",40.6,156.5,72.2,3
19063,"rqlls","m","Moseten",65.8,160.6,75.2,2
121,"ppb45","f","Moseten",41.6,156.8,64.4,3
24102,"jvdx2","m","Moseten",45,165.5,64.9,3
3217,"nwyn6","f","Moseten",61.1,148.6,45.4,3
15386,"rzy2i","f","Moseten",40.6,151.8,71.7,2
2314,"l4t4t","f","Moseten",68.8,149.3,43.1,2
2408,"dmxf3","f","Moseten",58.4,153.5,47.4,3
8731,"tiwwt","m","Moseten",67.4,153,54.7,3
18447,"aq443","m","Moseten",68.4,164.5,62.6,3
24117,"nz63r","f","Moseten",68.8,140.5,66,1
15519,"6h76g","f","Moseten",62.1,153.5,62.6,3
9160,"2dkw2","m","Moseten",78.4,154.2,50.9,2
10121,"8bdjc","f","Moseten",75.4,142.5,40.1,3
6759,"1q5ie","f","Moseten",57.4,156.7,NA,3
18667,"d7sqr","f","Moseten",69.9,146,59.8,4
21079,"h7rxl","f","Moseten",46.4,144,70.9,3
5320,"srtwx","m","Moseten",57.4,170,68.4,3
1035,"4raze","m","Moseten",48.5,160.5,70.4,2
22139,"2lll8","f","Moseten",45.4,145.9,55.7,2
22566,"aukz3","f","Moseten",69.6,151,56,3
2090,"b6lqr","m","Moseten",60.6,156.6,53,3
8006,"inmai","m","Moseten",72.6,NA,53.3,3
31191,"q734u","f","Moseten",58.2,152.5,69.6,3
2978,"d2609","f","Moseten",53.1,142.2,47.4,2
23483,"rcmoz","m","Moseten",56.3,172.4,NA,1
2431,"828kq","f","Moseten",47.9,150.7,66.7,2
4244,"adqdu","f","Moseten",68.1,147.2,37.4,3
27764,"ngz1d","m","Moseten",69.4,151.5,54.2,2
22114,"dl1m1","m","Moseten",48.3,165.9,62.7,2
17855,"44k3w","m","Moseten",53.1,166,68.7,1
8820,"9x28e","m","Moseten",67.2,160.6,67.2,3
32251,"z3kdl","f","Moseten",63.2,146,46.8,3
22290,"qasrv","m","Moseten",57.6,163.5,58,3
26282,"45vaa","f","Moseten",50.2,157,57.9,2
25149,"12v7d","m","Moseten",47.9,168,90.1,3
17753,"dejcv","f","Moseten",40.1,153,77,2
7396,"w4vhe","f","Moseten",55.7,143,64.7,3
31479,"s1gz5","f","Moseten",47.4,145.4,45.6,3
24890,"g7fuk","m","Moseten",82.1,165.2,71.5,2
10016,"bsnhr","f","Moseten",41.4,150.7,65.4,3
23569,"r1rre","m","Moseten",58.9,164,66.4,3
26079,"up9ke","f","Moseten",54.8,147.2,50.7,3
15294,"ga8s7","m","Moseten",59.5,164.4,86.5,3
13179,"lisid","m","Moseten",46.9,161.4,69.2,3
29018,"oo3zn","f","Moseten",41.8,152.2,60.4,2
14145,"nx8hx","m","Moseten",61.2,156.4,50.4,3
17415,"mapfr","f","Moseten",50.7,149.4,72.1,3
11287,"rgc0g","f","Moseten",40.4,154.7,70.2,3
19840,"4qp8h","f","Moseten",58.4,139.2,59.4,3
11014,"1ip4r","m","Moseten",61.3,169.4,73.2,3
23474,"rs3yp","f","Moseten",61.6,NA,45.2,3
22489,"e0u2c","m","Moseten",62.5,166.7,99.2,3
25800,"a9an5","f","Moseten",71.3,141.4,43.8,2
22499,"fl4yx","m","Moseten",51.9,163.4,63.7,1
28596,"nq4sw","f","Moseten",51.4,148.6,47.4,2
11282,"v7mb2","m","Moseten",56.1,157.2,58.4,2
4361,"4a6zh","f","Moseten",76.2,143,41.3,1
27062,"nc9h1","m","Moseten",41.6,164,71.5,3
3938,"eme8o","m","Moseten",40.9,153,64.6,1
21122,"m8rea","f","Moseten",66,150,50,2
20364,"7eu8r","f","Moseten",84,144.2,59,3
10181,"gv9g5","f","Moseten",48.4,150.3,60.1,2
24613,"h7bjm","f","Moseten",55,160,52.8,3
1123,"8pzqq","m","Moseten",60.4,156.1,55.8,3
29092,"gk2e5","m","Moseten",52.2,152.5,52.4,2
28384,"7lx3q","f","Moseten",46.4,143.1,88.1,3
3026,"hbo0w","f","Moseten",40,157.5,60.7,2
6192,"ww0w5","m","Moseten",38.6,161.7,66.6,3
24968,"syzkh","m","Moseten",39.7,166.5,61.7,1
8869,"dg430","f","Moseten",56.3,152.1,75.9,1
1252,"qf8y1","m","Moseten",39.7,165.6,65.1,3
12813,"d5ww4","m","Moseten",65.7,161.8,78.6,3
21236,"guqul","m","Moseten",71.1,161,89.7,3
31601,"tp2k3","m","Moseten",43,158.7,61.7,2
7727,"f923i","f","Moseten",41.6,151.8,80.9,3
32264,"mh34n","m","Moseten",52,156.2,54.6,2
3537,"tqba1","f","Moseten",55.4,153.3,61,3
8607,"e76pn","m","Moseten",42.3,161.2,56.7,2
30197,"vfkl4","m","Moseten",53,163.3,57.2,2
10789,"xtans","f","Moseten",49.4,146.3,45.8,3
11411,"2uuv7","f","Moseten",41.1,152,69.4,1
21491,"q5u7x","m","Moseten",53.1,157.6,85.9,1
13532,"spyia","f","Moseten",51.6,149.4,56.5,1
18811,"m51dv","m","Moseten",46.5,154.6,54.1,2
27690,"y5j7l","m","Moseten",44,160.8,59.5,2
31061,"l8pqu","f","Moseten",36.7,153.9,78.9,1
30153,"ynl04","f","Moseten",66,143.6,63.1,3
5,"pv6ph","f","Moseten",43.8,151,56.1,3
14472,"mg4hd","m","Moseten",46.1,168,77.8,2
26122,"mfm06","f","Moseten",40.5,150.5,66.9,2
22277,"fyv7n","m","Moseten",53.1,167.8,79.6,2
18896,"6t3pl","f","Moseten",48.3,154,55.6,3
30349,"boaoc","m","Moseten",52.2,156.6,54.6,3
19696,"s2uua","f","Moseten",47.3,153.1,51,3
12708,"woyg8","f","Moseten",41.1,151.1,60,3
22104,"swly4","f","Moseten",54.6,141,62.9,2
478,"5o2st","m","Moseten",54.9,166.6,83.2,2
6754,"cu3o4","f","Moseten",52.6,145.4,55.8,1
23560,"i7nwp","f","Moseten",47.8,157.7,69.8,3
7249,"5jkvr","m","Moseten",65.8,160.5,76.9,1
29099,"z9tvw","m","Moseten",62.9,162.1,79,3
4808,"ckt96","f","Moseten",80,141.3,34.8,2
16906,"5jk12","f","Moseten",61.6,146.5,53.9,3
1600,"3rd47","m","Moseten",74.2,164.4,68.3,2
23682,"ij4fx","m","Moseten",64.6,156,48.7,3
632,"32b0b","f","Moseten",72.7,143.5,49.9,3
3406,"qkny6","m","Moseten",81,159.4,62.9,2
16673,"w8rzd","f","Moseten",82.5,147.6,54.3,2
16853,"2ttfr","f","Moseten",47.5,158,71.9,2
10535,"9tg1e","f","Moseten",69.4,145,55.6,2
21937,"y3j7s","m","Moseten",55.1,163.2,68.1,1
4755,"kp35c","f","Moseten",58.1,152.2,60,3
7312,"xzc2e","f","Moseten",46.8,148.4,62.4,3
25513,"3taep","f","Moseten",80.8,146.2,60.4,3
10550,"q35sv","f","Moseten",62.7,151.1,42.5,1
5367,"8zace","f","Moseten",52.3,153.2,72.1,2
9876,"gmbrz","f","Moseten",54.2,151.3,57,2
27752,"bqksb","m","Moseten",63.2,145.4,47.6,3
20937,"am4uq","f","Moseten",52.6,153.1,81.2,3
7897,"8v0vy","f","Moseten",41.9,149,63.2,1
25442,"fawxs","f","Moseten",44.5,160.7,78.1,3
31092,"k74nc","m","Moseten",46.6,158.7,61.3,3
30898,"vkwj9","m","Moseten",49.8,170.6,52.7,3
18942,"ncpqa","m","Moseten",57,162,66.5,3
14006,"4pac3","f","Moseten",43.9,157.7,68.3,3
526,"2yjsv","m","Moseten",40.6,161.1,70.4,2
11275,"vl0kn","m","Moseten",46.3,167.2,56.6,3
21916,"zxrik","m","Moseten",47.6,163.5,80.9,3
20279,"l989g","m","Moseten",23.6,156.5,57.3,3
11095,"z43rz","f","Moseten",51.7,151.4,66.5,3
22760,"iv0p0","m","Moseten",38,158.2,70.7,1
18795,"mhb0c","f","Moseten",71.5,147,39.4,2
13898,"ujz1i","f","Moseten",33.8,148.2,57.5,1
17415,"1o7cq","f","Moseten",51.7,148.6,76.1,3
28596,"w0nbo","f","Moseten",52.5,149.2,50.5,2
21079,"t2bun","f","Moseten",47.5,144.2,63.5,3
1035,"od9gi","m","Moseten",49.5,161.3,75,2
6192,"84a90","m","Moseten",39.7,160,68,3
12708,"8htzh","f","Moseten",42.2,155,60,3
3537,"awhgd","f","Moseten",56.4,153.4,61.1,3
23569,"sq635","m","Moseten",60,163,67.6,3
28384,"8r0zv","f","Moseten",47.4,143.7,82.8,3
26079,"i6223","f","Moseten",55.9,147.1,50.8,3
18811,"8vkqx","m","Moseten",47.5,155,56.4,2
6759,"z0d0n","f","Moseten",58.5,155.4,NA,3
27446,"40c8j","f","Moseten",51.5,146.6,59.2,1
24755,"kbc0d","f","Moseten",25.4,148.2,63.1,1
28204,"qwlnn","f","Moseten",0.2,NA,52,1
31191,"gtffo","f","Moseten",59.3,153,67.3,3
2431,"aky48","f","Moseten",49,151.2,68.1,2
8692,"x7rh3","f","Moseten",48,141.2,60.9,2
2978,"h3jen","f","Moseten",54.2,149.7,46.7,2
23474,"7avya","f","Moseten",62.7,143.4,44.8,3
13430,"bm0nx","m","Moseten",47.6,164.4,66.2,2
3162,"fpjit","f","Moseten",34.4,152,62.4,1
8731,"fn6qu","m","Moseten",68.5,152.8,48.4,3
3217,"hpq0q","f","Moseten",62.2,149.7,45.3,3
22290,"3err6","m","Moseten",58.7,162,59,3
29350,"io4hu","f","Moseten",22.9,156.7,62.1,1
4794,"i5eqz","f","Moseten",29.8,150.4,70.2,1
5356,"8f83u","f","Moseten",20,152.4,85.5,1
14145,"1t23r","m","Moseten",62.2,155.2,49.7,3
22566,"m3rjs","f","Moseten",70.7,151.3,53.5,3
11014,"9dn5a","m","Moseten",62.4,169.5,74.2,3
26282,"wkyx8","f","Moseten",51.3,155.2,58.3,2
18447,"b1ssj","m","Moseten",69.5,164.7,62.4,3
15519,"q74zn","f","Moseten",63.2,154,63.3,3
10121,"24wts","f","Moseten",76.5,142.2,40.2,3
9160,"5ncp5","m","Moseten",79.5,153.5,52.7,2
30349,"a63zs","m","Moseten",53.3,156,57.8,3
19696,"sj2u8","f","Moseten",48.4,152.3,51.3,3
13179,"pwktc","m","Moseten",48,160.2,67.6,3
5,"10lru","f","Moseten",44.9,151.8,68.5,3
5320,"ki6lp","m","Moseten",58.5,170.2,65.8,3
32264,"7fbsj","m","Moseten",53.1,152.6,56.6,2
11783,"m63k9","m","Moseten",52.4,160.8,75.8,1
21064,"lcgjd","m","Moseten",46.1,166,67.2,2
23560,"p8wb6","f","Moseten",48.9,154.7,70.9,3
24613,"wcx3x","f","Moseten",56.1,160.4,54,3
21744,"twmww","f","Moseten",40,NA,75,2
30083,"re71u","f","Moseten",21.5,153.3,54,1
10724,"rt3ir","f","Moseten",10.8,130.1,30.8,1
6906,"4ozgb","f","Moseten",26.8,149.9,64.8,1
22489,"290s1","m","Moseten",63.6,166.1,98.1,3
2408,"qgw03","f","Moseten",59.6,153.5,48.4,3
25149,"ssqyy","m","Moseten",49,167,90,3
27764,"3x4ny","m","Moseten",70.5,151.5,54.7,2
30153,"gxqp7","f","Moseten",67,143.5,62.1,3
31479,"x54or","f","Moseten",48.5,145,46.7,3
29011,"hp0ew","f","Moseten",28.2,160,68,1
19840,"t4xlz","f","Moseten",59.5,138.2,59.5,3
8820,"190fe","m","Moseten",68.3,160.7,65.8,3
1123,"uitic","m","Moseten",61.5,155.7,56.7,3
4244,"o2a5x","f","Moseten",69.2,146,37.2,3
20364,"wgleu","f","Moseten",85.1,144.4,54.6,3
18896,"v4lbo","f","Moseten",49.3,154.2,57.2,3
2614,"sn6a7","f","Moseten",39.9,150.2,57.1,2
2314,"bqx6j","f","Moseten",69.9,149.2,43.1,2
12813,"4zj3e","m","Moseten",66.8,166.2,72,3
18667,"h5e7q","f","Moseten",71,144.6,60.5,4
22661,"zvzzu","f","Moseten",45.3,149,59,2
15294,"bpvwj","m","Moseten",60.6,163.2,85.6,3
7396,"wszhz","f","Moseten",56.8,142.2,62.5,3
21236,"hcqtv","m","Moseten",72.2,161.2,88.2,3
30197,"t4geh","m","Moseten",54.1,164.6,58.2,2
10789,"f3kio","f","Moseten",50.5,146.2,46.6,3
15386,"tc5zw","f","Moseten",41.7,151.5,68.2,2
31371,"nc9nh","f","Moseten",32.7,144.6,56.5,1
32251,"5zcl4","f","Moseten",64.3,146,46,3
25800,"j9ixf","f","Moseten",72.4,141,46.9,2
5416,"4z23j","f","Moseten",67.2,147.4,54.7,2
13722,"boytf","m","Moseten",47.5,162.3,61.7,1
1311,"s88u6","m","Moseten",69.7,151.9,57.5,2
18370,"99xpz","m","Moseten",49.9,158.2,60,2
400,"5mogq","f","Moseten",19,166.6,64.5,1
15336,"x4d3m","m","Moseten",8.4,117.3,NA,1
13470,"ceb3a","f","Moseten",5.1,123.7,NA,1
11422,"grv0i","f","Moseten",49.1,144.2,65.9,2
1866,"1by8b","f","Moseten",50.5,150.6,55.5,2
10715,"z8mj8","f","Moseten",55.5,151.1,79.3,2
17168,"5ldsz","m","Moseten",50.7,160.8,62.8,2
326,"13hun","f","Moseten",38.2,150.7,49.5,1
19625,"res4i","f","Moseten",35.4,160.1,77.7,1
20231,"zl7xj","m","Moseten",31.8,169.1,64.6,1
15728,"i8g8f","m","Moseten",10,124,NA,1
15910,"xils0","f","Moseten",7.1,119.2,NA,1
26302,"d58sp","m","Moseten",28.4,149,46,1
2850,"9pwhk","m","Moseten",80.7,149.2,61.8,1
4124,"nc9gv","m","Moseten",60.5,184,86.3,2
12794,"mjrkn","f","Moseten",35.3,145.1,44.6,1
31379,"sdtk8","m","Moseten",32.4,168.8,85.2,1
19664,"vkhtf","m","Moseten",31.8,156,80.8,1
25044,"is2o1","m","Moseten",10.3,132.7,NA,1
16177,"dvoc4","m","Moseten",15.5,149.2,49.3,1
12490,"rva1y","m","Moseten",73,157,51.2,2
7007,"1axks","f","Moseten",63,149.6,67.3,2
770,"zo0ch","m","Moseten",68.8,158.5,34.2,1
4808,"odfki","f","Moseten",81.1,139.3,33.2,2
16673,"59h2y","f","Moseten",83.6,147.3,84.1,2
25513,"npva4","f","Moseten",81.9,146.6,62.2,3
31185,"vceof","m","Moseten",60.9,158.2,64.4,2
3406,"dwiz4","m","Moseten",82.1,158.5,62.4,2
29099,"rr2hf","m","Moseten",64,162,74.6,3
9876,"yrwd9","f","Moseten",55.3,151.1,55.9,2
11275,"kbp22","m","Moseten",47.4,165.7,57.6,3
7312,"xgi79","f","Moseten",47.8,148.9,63.1,3
4755,"c360f","f","Moseten",59.2,151.3,57.7,3
30990,"iyfwp","f","Moseten",21.3,153.4,62.5,1
19513,"tbndb","f","Moseten",36.3,149.3,76,1
24245,"fzrb8","f","Moseten",23.7,152.3,43.2,1
22406,"bh6m8","f","Moseten",15.9,152.2,55.1,1
20279,"5pjd3","m","Moseten",24.7,155,58.4,3
11287,"1bfav","f","Moseten",41.5,154,70.2,3
20937,"2cr6i","f","Moseten",53.7,152.2,78.9,3
18942,"buxhg","m","Moseten",58.1,160.5,68.9,3
14006,"0xgmg","f","Moseten",45,157,71.4,3
23600,"zhdks","f","Moseten",53.7,151.7,76.5,1
21916,"s1k23","m","Moseten",48.7,162.6,83.3,3
25442,"xll11","f","Moseten",45.6,160.4,79.5,3
31092,"yrihi","m","Moseten",47.7,158,58.9,3
30898,"wcvjy","m","Moseten",50.9,170.5,54.1,3
18139,"45n6k","f","Moseten",38.9,149.7,54.8,1
27752,"wcyjv","m","Moseten",64.3,145.4,48.9,3
11095,"8vm5w","f","Moseten",52.8,150.4,65.8,3
16853,"pthrm","f","Moseten",48.6,158,71.3,2
632,"ro0p3","f","Moseten",73.8,141.7,49.3,3
23682,"38oic","m","Moseten",65.8,155.3,48.3,3
16906,"gnbc9","f","Moseten",62.8,145.6,58,3
17597,"1x863","m","Moseten",46.6,167.5,89.4,3
4134,"8cry7","f","Moseten",14.4,145.3,51.4,1
10597,"biv4q","f","Moseten",47.6,150.6,51,3
20048,"bgxie","m","Moseten",64.3,151.6,35.8,3
9892,"xn0um","m","Moseten",57.4,169.6,44.3,3
11626,"m9k72","f","Moseten",61.1,145.2,36,3
4,"dh6ml","f","Moseten",41.9,145.2,47.3,3
7169,"xlibt","f","Moseten",8.1,121.6,NA,1
21882,"hy36m","f","Moseten",27,150,66,1
19531,"2vt3k","f","Moseten",17.5,158.3,53,1
15830,"vqwfn","f","Moseten",45.9,149.3,45.3,2
1308,"g3h54","m","Moseten",46.9,158,48.4,3
15542,"829f2","f","Moseten",47.9,159.4,60.7,2
9506,"bjdg4","m","Moseten",71.8,170.9,75.3,2
3473,"eqkxs","f","Moseten",68.7,150.3,41.4,3
16019,"q4418","m","Moseten",14.9,169.2,51.2,1
12579,"8hhc3","f","Moseten",28.5,152.2,79,1
10262,"cvehz","m","Moseten",11.5,128.8,39.7,1
27692,"7wkwl","f","Moseten",33.9,143.4,41.2,1
23360,"c4lrk","f","Moseten",74.6,138.4,45.6,3
13396,"gh2zs","f","Moseten",61.5,148.6,51.5,3
23967,"p5vsa","m","Moseten",61.2,157.4,50.5,2
956,"8lal1","m","Moseten",72.1,158.6,53.9,2
23162,"9ignu","f","Moseten",40,145.3,70.3,2
4360,"2ycr3","m","Moseten",21.4,163,61.5,1
2801,"d4vbw","m","Moseten",71.5,160.1,32.5,3
6884,"l6cc7","m","Moseten",54.9,148.8,39.8,2
7902,"uz01q","f","Moseten",58.7,152,41,2
594,"gu6ga","f","Moseten",63.2,150.5,70.7,3
27468,"vsr9p","m","Moseten",78.2,157.6,49.2,3
5155,"6ls8l","f","Moseten",69.3,146,41.4,2
27956,"mo82y","f","Moseten",27,156,71.8,1
16185,"6aptm","f","Moseten",71.5,153,58.1,3
709,"0vx9v","f","Moseten",66.2,154.4,42.9,3
27794,"n49io","f","Moseten",9.4,124.8,NA,1
9618,"lf7rr","f","Moseten",25.6,150,55,1
3116,"1jirv","f","Moseten",58.3,156.8,62.9,3
26065,"opj4p","m","Moseten",74.3,157.7,57.7,3
11988,"ro4ua","m","Moseten",64.9,159.6,70.3,2
8453,"gu8lz","m","Moseten",22.4,166,69.5,1
1042,"ck3tp","f","Moseten",16.1,149.6,44.3,1
4024,"y990l","f","Moseten",20,146.4,46,1
31151,"1y7mr","f","Moseten",26.1,151,65.3,1
23645,"jz8vl","m","Moseten",65.5,159.2,55.4,3
8074,"y5j1n","f","Moseten",64,152.8,49.8,3
18298,"jprtc","m","Moseten",60.5,160.4,47.5,3
7927,"kinqn","f","Moseten",57.6,148,43,3
8535,"et8a9","m","Moseten",46.9,156.5,43.8,2
25778,"ohrmb","f","Moseten",34.5,155,66,1
26515,"9spn1","m","Moseten",27.2,166.4,72.2,1
11535,"vqf9u","m","Moseten",58.6,162.8,50.7,3
25747,"x0i3n","f","Moseten",61.1,153,37.1,3
1694,"8nvn2","f","Moseten",45,158,45.6,3
5339,"rse6n","f","Moseten",53.8,147.4,62.9,3
17574,"mwq2h","m","Moseten",49.2,163,79,3
7714,"76ezr","m","Moseten",65.7,157.3,44.1,3
8,"aajba","m","Moseten",48.5,169.4,60,3
16711,"z7lit","f","Moseten",41.6,149.6,47.2,2
20171,"jaawu","f","Moseten",10.4,122.2,NA,1
18604,"8izah","f","Moseten",8.2,110.5,NA,1
11467,"oxrtv","f","Moseten",18.3,151.8,54.4,1
3565,"1rl9h","f","Moseten",42.7,162.8,65,2
21853,"wa7w0","m","Moseten",54.3,158.2,53.3,2
5550,"y82ll","f","Moseten",50.2,153,55.1,3
2751,"1mz8g","m","Moseten",56.6,158.3,54.8,3
16013,"rm2nh","f","Moseten",64.5,144.5,36.6,3
30714,"8so4k","f","Moseten",62.2,154,74.2,3
19548,"316gk","f","Moseten",16.5,152.7,51.4,1
3175,"rmwjf","m","Moseten",23.3,158.6,69.9,1
4491,"gd7kp","f","Moseten",31,150,50,1
13453,"dm4rk","f","Moseten",5.1,NA,48,1
1154,"2j4fz","m","Moseten",53,158.2,54.4,2
27131,"evcmz","m","Moseten",51.7,155.2,53.1,2
19569,"zaxuu","m","Moseten",54.7,157.7,62,3
10212,"2as7y","m","Moseten",67.5,159,46,3
8050,"dv72k","m","Moseten",46.5,165.9,49.8,3
28652,"2in6c","f","Moseten",36.9,151.6,96.1,1
12643,"j7ytf","f","Moseten",24.2,148.4,49.6,1
16746,"ln8zn","f","Moseten",52.5,150.3,39.3,2
14682,"8lbo9","m","Moseten",49.2,153.6,42.2,3
15437,"fptyo","m","Moseten",49.5,156.4,38.1,3
8192,"wnmww","f","Moseten",51,146,39.5,3
12449,"9rzfi","m","Moseten",34.3,169,79.9,1
7726,"npda4","m","Moseten",46.7,165.9,52.3,3
752,"t13lj","m","Moseten",32.5,157.3,59.2,1
18880,"3zz2g","m","Moseten",64.5,154,50.1,3
168,"8t1nb","m","Moseten",63,150.9,49.7,3
19558,"yc3vf","f","Moseten",17.3,160,55,1
28382,"pfs50","f","Moseten",38.8,149.4,67.8,1
12397,"j3fs1","m","Moseten",40.4,163.3,67.9,1
15474,"bk9gi","m","Moseten",48.7,162.7,59.8,2
16347,"6dbix","f","Moseten",61.3,146,48.1,3
16579,"i9e64","m","Moseten",63.2,152.8,57.7,3
15613,"xh0hx","f","Moseten",66.8,148,51.9,3
19628,"ig3k6","f","Moseten",46,148.3,58.4,3
25729,"snc3r","m","Moseten",51,159.6,62.5,3
16834,"ilr4f","m","Moseten",75.8,160.3,75.3,3
6739,"zbqsw","m","Moseten",54.1,151.5,56.1,3
3746,"z6bzq","f","Moseten",48.5,148,47.7,3
1609,"i8z25","f","Moseten",20,156.5,56.9,1
20396,"7ann5","m","Moseten",39.9,160.2,74.1,1
26262,"tu9lj","f","Moseten",27,146.1,46.7,1
16637,"2t523","m","Moseten",15.3,171.1,52,1
7301,"w3xpk","m","Moseten",32.1,166,70,1
16241,"fbozt","f","Moseten",53.9,151.2,50.5,3
24099,"e8fem","f","Moseten",73.5,147.3,41.5,3
18859,"di277","m","Moseten",57,158.4,62.3,2
28617,"5kbfy","m","Moseten",62.7,151.9,43.8,2
23029,"6x1rq","f","Moseten",61.7,144.9,50.9,3
1431,"vqzn4","m","Moseten",79.1,146.6,49.4,3
14225,"3xvhu","m","Moseten",44.4,163.7,63,2
4211,"v5ze9","f","Moseten",33.1,145.5,58.2,1
20306,"iiab1","m","Moseten",35.3,175.5,78.5,1
24570,"nw334","f","Moseten",30,150.2,66.6,1
7661,"kzp89","f","Moseten",54.5,146.6,68.6,3
3048,"xj4ns","f","Moseten",89.8,144,39.7,2
16323,"ks4eb","m","Moseten",62.2,152.2,62.3,3
3634,"xc5vi","m","Moseten",60.1,160.6,77.4,3
20776,"rhms8","f","Moseten",44.8,158,NA,4
31329,"kkhec","m","Moseten",25.3,163.5,50.4,1
4148,"8pa6g","m","Moseten",30.2,164,65.3,1
14039,"97qyy","m","Moseten",18,166,60,1
30586,"2b8dr","m","Moseten",44.6,164.2,66,2
5616,"j57kq","f","Moseten",67.9,144,47.7,3
29130,"uld5x","f","Moseten",64.9,146.2,56.1,3
29965,"y9n74","f","Moseten",47.5,147.7,60.2,3
4692,"zuk87","f","Moseten",7.3,113.2,NA,1
5258,"gucl9","f","Moseten",20.5,153.5,79.5,2
30747,"95g4c","f","Moseten",58.9,146.1,50.7,3
28262,"wdztz","m","Moseten",63.6,155.1,59.3,3
21846,"32iot","m","Moseten",62.4,156.8,64.5,3
31836,"tq61j","m","Moseten",54.5,159.5,74.4,3
28288,"8x47g","m","Moseten",54.4,158.5,73,2
17761,"m7ebv","f","Moseten",48.3,152.7,68.1,2
22190,"4ioq0","m","Moseten",65,163.8,60,3
1826,"9c6g9","f","Moseten",53.8,155,62.9,3
17954,"ojhr4","f","Moseten",59.4,139.7,51.6,3
8465,"40n49","f","Moseten",37.8,153.4,54.9,1
14492,"zxqr4","f","Moseten",31.4,144.5,57.8,1
29182,"l629u","f","Moseten",36,146.6,54.9,1
446,"1cei1","m","Moseten",36.1,160.2,80.1,1
30367,"k9yy7","m","Moseten",28,152.3,52.2,1
16955,"rm8f1","f","Moseten",60.8,139.1,37.8,3
10785,"fzse5","m","Moseten",51,160.5,71.2,3
21339,"kz48n","f","Moseten",45.3,143,57,3
6898,"nis29","m","Moseten",56.2,166.7,66.1,3
18243,"g5d36","f","Moseten",54.5,150.8,58.8,3
30891,"q4mod","f","Moseten",46.6,155.4,66.5,3
29206,"8pmd2","m","Moseten",48,158.7,76.7,1
14005,"tvryc","f","Moseten",48.6,155.4,62.1,3
14467,"9bbde","m","Moseten",69.5,157.3,59.9,3
534,"agh5e","f","Moseten",63.8,147.4,41.3,3
22336,"s6fih","f","Moseten",6.9,110,NA,1
23269,"n9bz9","m","Moseten",9.5,132.3,NA,1
689,"oh2zl","f","Moseten",19.3,143.5,50.3,1
6203,"6fa9e","m","Moseten",25.2,166.1,67.4,1
29298,"hyx55","f","Moseten",56.9,150.6,61,3
19905,"yg2i6","f","Moseten",44.2,154,76.6,3
29308,"0o2c2","f","Moseten",43.3,152,51.2,3
29960,"1sqmq","m","Moseten",7.6,110.8,NA,1
30016,"tt0dk","f","Moseten",23.1,149.6,73.7,1
9415,"tpkxb","m","Moseten",46.2,163.9,75.1,3
28227,"fy1l6","m","Moseten",46.3,160.3,60.4,3
8777,"7i6cg","f","Moseten",56.4,149.4,61.3,3
28961,"ita2b","f","Moseten",46.5,151.6,75.4,3
32242,"93yku","f","Moseten",56.5,142.8,63.6,3
16366,"v1h51","f","Moseten",45,146.2,60.9,1
27845,"a97k4","f","Moseten",12.3,139.3,34.7,1
25740,"6pn2k","f","Moseten",31.2,153.6,58.8,1
31339,"opn4t","f","Moseten",32.3,141.7,61.8,1
16404,"3f6n1","f","Moseten",30.5,146.5,49.5,1
23329,"yirz4","f","Moseten",8.5,125.7,NA,1
1016,"5xm98","f","Moseten",65.9,147.9,53.8,3
29809,"w3bvo","m","Moseten",72.5,161,61.43,3
1283,"b3rfs","f","Moseten",71.5,142.8,45.9,3
11124,"47z5m","m","Moseten",66.1,163.2,65.8,2
12642,"zdgup","m","Moseten",42.4,169.4,72.1,3
19260,"f1p2w","f","Moseten",45.1,153.2,55.8,2
9643,"9b03j","m","Moseten",15,147.8,49.8,1
17380,"c1w3h","m","Moseten",42.4,159.2,67,1
26818,"odk48","m","Moseten",69.9,162.5,54.5,3
1338,"on84t","f","Moseten",46,154.5,71.5,3
18683,"4xmoz","f","Moseten",68.4,145.2,53.6,3
9465,"9nlqz","m","Moseten",80,155.8,52.9,2
22164,"bfh9j","f","Moseten",23.4,152,67.3,1
131,"gkrti","f","Moseten",27.9,151.5,58.6,1
18691,"u3odq","m","Moseten",41.9,148.6,57.6,3
10684,"nsrxw","f","Moseten",11.4,146.2,37.2,1
23723,"xzzic","f","Moseten",26.7,150,50,1
12388,"g8wx1","f","Moseten",73.2,138.5,41.8,3
10083,"l3287","f","Moseten",76,151.4,NA,2
3024,"d3jrw","m","Moseten",67.9,159.6,62.4,3
11362,"yqhsl","m","Moseten",79.7,151.5,54.2,2
17951,"5n23e","m","Moseten",57.4,154.1,52,2
24090,"g7i4r","m","Moseten",20.9,155.9,52.3,1
20397,"bbpro","m","Moseten",34.4,159.7,60.6,1
26055,"odatr","m","Moseten",15.9,165.6,64.3,1
6510,"pxf19","m","Moseten",40.1,161.1,81.9,1
28028,"ee48i","m","Moseten",49.8,166,63.5,3
16224,"nfwca","f","Moseten",63.3,138.2,49.6,3
19957,"wrf9i","f","Moseten",49.6,145.3,53.2,3
30444,"chvqa","m","Moseten",67.9,157.5,66.7,2
2342,"xw46a","f","Moseten",12.5,150.4,46.9,1
30840,"pkm7a","f","Moseten",59.9,156.6,71.9,2
9402,"ln2yd","f","Moseten",50.1,147.7,69,3
15616,"hc3an","m","Moseten",53.9,161,61.9,3
22236,"dik8n","f","Moseten",48.3,151.7,53.5,2
4271,"p07ex","f","Moseten",28.4,150.5,86.3,1
8061,"j9uhr","f","Moseten",21.5,155.2,52.7,1
16218,"2ysy2","m","Moseten",66,158.5,60.7,3
17088,"byh7x","f","Moseten",63.6,139,41.9,2
27818,"b2ihk","f","Moseten",61.9,144.3,71.6,3
5912,"oy2yy","m","Moseten",70,145.3,54.1,2
12320,"1dv68","f","Moseten",69.6,141.5,60.4,2
28074,"hcpik","f","Moseten",41.8,153,58.9,3
17216,"myx3p","m","Moseten",59.7,164,68.4,3
28218,"xs4jf","m","Moseten",62.5,169.1,NA,3
31368,"yof6v","m","Moseten",51.9,143.4,37.1,3
10118,"wehxb","m","Moseten",52.9,163.6,70,3
24811,"gb8z3","f","Moseten",57,155.6,61,3
1147,"yq5ni","f","Moseten",48.9,153.5,45.7,3
19109,"5wps5","m","Moseten",64,163.3,61.9,3
21684,"ovfid","f","Moseten",33.4,157,77.8,1
19759,"lx9ge","f","Moseten",68,142.1,38.8,3
18301,"68xap","f","Moseten",61,141,44,2
25380,"2m6b1","f","Moseten",67.4,143.9,61.4,3
10734,"x9ce3","m","Moseten",77,151.6,51.1,3
18433,"ma6r0","f","Moseten",52.8,153.2,64.2,3
876,"djmn6","m","Moseten",56,157.8,66.9,3
30215,"ngrt5","m","Moseten",41.9,164.7,73.7,1
7845,"igon7","f","Moseten",37.9,155,68,1
20841,"eid1s","f","Moseten",21.4,154.2,52.2,1
3350,"le819","f","Moseten",38,151,62.2,1
3723,"3udks","f","Moseten",35.4,150,67,1
31444,"t0zvt","f","Moseten",53.8,146.2,61.7,3
12866,"pur31","f","Moseten",71,144.6,61.1,3
1649,"jm6fb","f","Moseten",51.2,139.4,65.2,3
23730,"dkjjv","m","Moseten",65.8,160.6,64.7,3
7392,"3x87d","f","Moseten",47.9,146,43.2,2
29788,"13g1f","f","Moseten",14.2,160,NA,1
32246,"i70tf","f","Moseten",63,146.7,61.9,2
15443,"i58vy","f","Moseten",55.3,157,74.2,3
19305,"572o8","m","Moseten",61.8,152.1,56.6,3
14022,"t3vm5","m","Moseten",49.2,166,95.1,3
30271,"bncti","m","Moseten",55,160.2,81.4,3
22325,"u8f2e","m","Moseten",67,170.2,76.1,3
22620,"8eems","m","Moseten",48,162.3,64.2,3
25027,"uw4g9","f","Moseten",52.1,151.3,68.1,3
29352,"3b9wc","m","Moseten",53.4,156,79.7,2
26596,"x26py","f","Moseten",19.9,149.3,45.2,1
11565,"b81cz","f","Moseten",26.5,150,50,1
30194,"ewr54","f","Moseten",84,146.6,53.3,2
896,"kc3wj","m","Moseten",66,160,51.7,1
8827,"5khnv","m","Moseten",85.5,157.4,67,3
25360,"mwn0e","f","Moseten",60,150.4,68,3
19588,"g08f5","m","Moseten",51,164.8,70.6,3
6188,"fcpag","f","Moseten",58,145.3,46.9,2
19825,"uw87g","m","Moseten",63.9,151.7,79.5,2
13363,"lojwk","f","Moseten",42,147.1,51,3
16455,"nbmle","f","Moseten",61,146,56.8,3
32314,"sc97o","f","Moseten",41,152.2,56.5,3
26439,"k9avw","f","Moseten",64.7,144.5,54.5,3
16980,"4j51k","f","Moseten",40,160,88,2
26933,"jnxmy","m","Moseten",44,150,60.8,3
1585,"tnwj5","f","Moseten",42.1,148.7,75.5,3
27058,"hph00","f","Moseten",67.6,145.8,46.7,3
28583,"1wdck","m","Moseten",52.4,153,48.1,3
14056,"l7l4h","m","Moseten",52,161.5,71.5,2
18586,"xp5c6","m","Moseten",66,153.5,72,3
3396,"dkaw7","f","Moseten",47,150.5,51.9,2
16782,"29lmb","m","Moseten",8.9,146.6,45.5,1
4538,"rmb2s","m","Moseten",31.1,166,78,1
5198,"sdf59","f","Moseten",26.9,153.3,70.2,1
17791,"92oc6","f","Moseten",83,146.8,58.8,3
18366,"cwsue","m","Moseten",52.5,150.5,57.4,1
13955,"e5bb5","m","Moseten",70,161.6,62.9,3
15143,"vzwfg","f","Moseten",45,151.4,86.6,3
7019,"eyna4","m","Moseten",24.9,163.3,55.8,1
27310,"m8ztl","m","Moseten",74,150.6,97,2
20797,"peqts","m","Moseten",64.9,165,60,3
9458,"49a9x","f","Moseten",60.5,152,58.2,3
28665,"ie1gr","f","Moseten",78.8,154.3,53.5,3
26477,"97bfe","f","Moseten",45.6,NA,46.2,2
19063,"vqpsw","m","Moseten",67.8,160.2,68.8,2
4123,"m0ewa","f","Moseten",43.4,149.9,44,2
27591,"3em0f","f","Moseten",8.2,112.1,NA,1
10236,"ggtjb","f","Moseten",26.5,154,49.5,1
5526,"q1yd2","m","Moseten",44.9,163.5,80.3,3
32229,"apa3k","m","Moseten",46.8,162.2,73.2,3
7810,"6nnkw","f","Moseten",58.5,146.1,56.6,2
27716,"vyaqb","m","Moseten",45.9,165.5,68.2,2
17324,"gco29","m","Moseten",43.5,158.8,61.4,3
31818,"dzw1v","m","Moseten",25.3,166.2,66.7,1
6154,"r1nkg","m","Moseten",24.5,172.6,61.9,1
1277,"oxhox","f","Moseten",18.8,161.3,57,1
27261,"kk0i0","f","Moseten",21.9,153.5,43.8,1
31714,"iphuk","f","Moseten",40.9,154.5,62.2,2
10857,"22yqe","f","Moseten",77.3,142.2,45.2,3
26659,"ccc3p","m","Moseten",66.1,162.1,61.5,3
24440,"50jga","m","Moseten",74.4,155.5,55.4,3
15448,"cw5k6","f","Moseten",40.9,157.6,69.4,1
14365,"om1ag","m","Moseten",35.5,164.5,NA,1
24269,"bcyjq","f","Moseten",47.1,149.4,79.9,1
17973,"qumof","m","Moseten",54.1,159,50.7,3
97,"bi7kq","m","Moseten",72.1,167.6,97,1
8447,"zr04y","m","Moseten",54.1,157.7,51.8,3
28462,"gp29k","f","Moseten",47.5,152.3,77.1,3
2679,"b4brl","f","Moseten",64.1,144.2,47.6,3
22117,"z2a7t","m","Moseten",57.7,160.7,64.6,3
28948,"c5exe","m","Moseten",55.5,156.6,62.4,3
30680,"dqv2k","m","Moseten",56.2,158.8,66.3,1
12605,"joniv","f","Moseten",55.2,148.2,75.2,3
3143,"6k8sf","m","Moseten",8.2,118.4,NA,1
9225,"yze60","f","Moseten",42.1,152.6,68,2
10185,"3ebw6","m","Moseten",4.2,113,NA,1
24965,"tvl1u","f","Moseten",27,150,55,1
13025,"jw4o2","f","Moseten",41.5,156,59.9,2
13454,"eyial","m","Moseten",51,169.5,63.5,3
1586,"xzrv9","f","Moseten",42.4,146.4,67.4,3
5177,"bknqy","f","Moseten",58.4,150.2,45,2
27220,"4fr7h","f","Moseten",51.5,150.7,51.5,3
28980,"h7w4n","f","Moseten",56.8,150.7,56,3
22064,"3hkjl","m","Moseten",9.5,129.6,NA,1
331,"pc8tz","f","Moseten",36.1,150.2,55.8,1
17927,"z5ryt","m","Moseten",5.4,125.2,NA,1
24098,"np302","f","Moseten",34.1,143.7,60.4,1
26502,"c1fpd","f","Moseten",25.2,149.5,64,1
26244,"wxhzv","f","Moseten",38.4,151.1,71.3,1
31896,"yr34m","f","Moseten",34.4,146.3,59.3,1
19103,"gdv1q","f","Moseten",23.3,144.7,39.7,1
2318,"657v7","f","Moseten",41.4,145.8,62.2,2
26913,"m9zm8","m","Moseten",59.8,158.7,77.8,2
14917,"k00g5","f","Moseten",56.2,143.7,53.8,2
23953,"t1o7t","m","Moseten",45.5,160.7,73.7,2
5469,"e3ln8","f","Moseten",42.4,158.6,80.9,3
14296,"6jhql","m","Moseten",53.3,158.3,75.3,1
32144,"wo83o","m","Moseten",37.7,169.9,66.9,1
17930,"orkvw","f","Moseten",27,171,NA,1
15893,"2qwmf","m","Moseten",39.6,158,60.8,1
29844,"htchw","f","Moseten",26.5,154.1,59.3,1
26170,"ckims","m","Moseten",12.5,138.4,35.7,1
1575,"vr5eg","f","Moseten",33.4,151,81.4,1
18792,"9y3hf","f","Moseten",12.2,145,37.1,1
15702,"bh0ts","f","Moseten",15.3,141.4,31.5,1
7389,"jz2ft","m","Moseten",64.4,158,47.3,2
21694,"rvr8l","f","Moseten",58.5,152.5,57,1
17169,"pjo58","m","Moseten",57.4,166,87.7,1
26955,"k9gdc","m","Moseten",32.8,164.1,65.5,1
13484,"09rpe","m","Moseten",11.4,134.6,34.6,1
26034,"y2jea","f","Moseten",33,149.4,60.9,1
13127,"tgfni","m","Moseten",23.1,166.3,69.4,1
20756,"j8xif","m","Moseten",57.6,159.9,56.2,2
3845,"16eq5","m","Moseten",40.4,158.2,52.4,1
10689,"r2q5j","m","Moseten",52.6,164.6,60.9,2
21774,"sz9v8","f","Moseten",48.1,149.5,60.7,2
29320,"6t2kq","m","Moseten",43,161.7,59.4,2
12732,"ycgy9","f","Moseten",42.4,151.1,50.6,2
24347,"6k9f7","m","Moseten",49.8,155.4,72.6,2
20103,"dvh5w","m","Moseten",19.1,170,65,1
16762,"fdmwd","m","Moseten",44.8,161.2,39.8,2
13439,"hfx0x","f","Moseten",39.2,152.9,40.2,1
29805,"uxhma","m","Moseten",40.9,164.7,46.5,1
14255,"ljcqv","m","Moseten",65.4,150,32.7,3
21805,"8rlom","m","Moseten",45,156.8,36,1
18781,"s780k","m","Moseten",43.4,170.5,44.5,3
15561,"8aweo","m","Moseten",44.6,149,33,2
7105,"poqcs","m","Moseten",45.1,160.2,41.6,3
18488,"br8rp","m","Moseten",64.3,163,45.5,2
25587,"jzarj","f","Moseten",47.5,158,33.9,1
20189,"oyqho","f","Moseten",49.4,152.2,NA,1
20913,"k3uts","f","Moseten",65.9,146,30,3
31284,"mxpsz","f","Moseten",37.1,150.4,53,1
4862,"xva14","m","Moseten",18.1,161,54.3,1
14971,"lif3p","f","Moseten",68.1,139.8,32.4,3
6816,"4elk6","f","Moseten",41.1,154.2,33.2,2
23503,"wfg8y","m","Moseten",49.7,166.8,53.9,2
18048,"4clmy","m","Moseten",38.5,164,63.1,1
12547,"970e5","f","Moseten",31.1,154.7,78.9,1
13410,"8xl9r","m","Moseten",35.3,156.7,68.7,1
5764,"466hx","f","Moseten",32.1,148.4,71.8,1
11554,"o68xi","f","Moseten",17.3,151.2,62.4,1
14181,"mun55","m","Moseten",62.1,160.5,72.9,2
21410,"len3q","f","Moseten",66.6,142.2,NA,2
16925,"sjipr","f","Moseten",69.7,145.4,61.8,2
21984,"0qw31","m","Moseten",62,155.9,84.7,2
19892,"t9zyr","m","Moseten",62.9,157.8,65.4,3
11504,"j7d70","f","Moseten",53,161.2,70.2,2
20116,"husgv","f","Moseten",48.6,148.5,52.9,3
28897,"yqfbz","f","Moseten",56.2,147.3,47.1,3
27536,"4vp4b","f","Moseten",42.8,154.4,81.4,3
22435,"g9haf","f","Moseten",48.4,143.2,57.5,2
29836,"elm1y","f","Moseten",58.8,148.4,64.8,3
20776,"5zx7e","f","Moseten",45.6,159.5,NA,4
27048,"gz75g","m","Moseten",59.7,160.7,57.4,2
31401,"lhhri","f","Moseten",51.1,150.5,53,2
31195,"sckur","m","Moseten",47,160.3,80.5,2
30232,"jaboi","m","Moseten",58.9,157.2,57.2,2
15211,"vyf7b","f","Moseten",48.3,153.2,70.1,1
5521,"20hin","m","Moseten",42.8,159.6,85.8,3
24355,"m0fy8","m","Moseten",50.3,161.1,55.9,2
3483,"6w9fm","m","Moseten",42.4,167.2,62.8,2
29145,"zlw65","m","Moseten",50.6,155,77.6,3
3917,"ekwz4","f","Moseten",44.8,150,51,3
21128,"z5hfb","m","Moseten",51.9,170.5,75.3,2
31904,"4uos5","m","Moseten",47.1,156.9,68,3
12871,"2mer2","f","Moseten",40.5,149.5,49.4,1
24102,"osixm","m","Moseten",47,166.2,69.5,3
20552,"kfcpe","f","Moseten",39.6,149.2,56.1,1
13073,"zswh2","m","Moseten",50.6,166.3,92.3,3
22662,"4y880","m","Moseten",39.4,164.6,78.2,1
3996,"pu6hj","m","Moseten",46.7,163.6,66.7,2
1964,"g5zh2","m","Moseten",41.6,167.8,72.7,2
19069,"mseb0","m","Moseten",40.3,164,77.9,1
2090,"p1dyo","m","Moseten",62.6,156.3,55.7,3
8006,"at8yl","m","Moseten",74.6,149.4,53.4,3
10289,"xp6mh","f","Moseten",40.5,154.8,99.6,2
10535,"r6zvy","f","Moseten",71.3,145.9,55.8,2
1600,"7x63j","m","Moseten",76.2,163.4,68.4,2
11814,"7wl7n","m","Moseten",60,156.2,53.5,3
31422,"6hyh7","f","Moseten",44.9,150.5,59.9,3
9204,"vxcpi","f","Moseten",42.9,161,61.2,3
526,"4zxs0","m","Moseten",42.6,160.7,74.6,2
10016,"27dq3","f","Moseten",43.4,150,66.4,3
30950,"u5e6j","m","Moseten",41.9,167.3,77.7,1
22594,"l1nql","f","Moseten",51.2,150.7,65.4,2
7727,"9iqnu","f","Moseten",43.6,151.1,81.8,3
1252,"p7p7o","m","Moseten",41.7,165.2,63.3,3
121,"rpma9","f","Moseten",43.6,157.4,68.8,3
29683,"mktg0","m","Moseten",61.1,153.2,71.2,1
17753,"fuq1k","f","Moseten",42.1,153,64.2,2
24890,"ziak0","m","Moseten",84.1,163.8,70.5,2
1784,"qomrw","m","Moseten",70.4,160,78.1,2
16214,"jhalr","m","Moseten",68,161.1,66.4,3
13570,"7y0hd","f","Moseten",62.2,147.9,64.6,2
21386,"t1h1g","f","Moseten",72.5,145.7,51.4,1
12856,"amdef","f","Moseten",66.5,157.4,65,2
6092,"2rl7l","m","Moseten",45,160.5,65.7,2
20978,"y6ttp","m","Moseten",60.2,161,65.2,3
7592,"tgm3p","m","Moseten",44.5,157.3,77.5,1
12503,"wsp76","m","Moseten",69.2,162.5,83.1,2
27062,"kojd8","m","Moseten",43.5,163.8,75.6,3
32327,"s3h7k","f","Moseten",46.1,151.8,76.6,3
7194,"liyqc","f","Moseten",45.1,149.4,52.6,3
14331,"z3rsv","m","Moseten",44.6,168.1,62.8,1
22019,"w9isn","m","Moseten",55.1,160.8,59.9,2
31777,"y40ay","m","Moseten",46.6,174.1,84.3,3
15909,"llont","f","Moseten",47.8,148.8,55.5,2
2967,"g2af4","f","Moseten",42.3,159,74.5,1
27336,"exa76","f","Moseten",45,153,59.2,2
22657,"w506c","m","Moseten",60,154.5,62.6,1
31155,"jcsly","m","Moseten",44.5,158.2,66.3,2
29824,"mmop6","f","Moseten",48.1,154.3,65.8,2
29619,"amcyd","m","Moseten",47.3,157.8,60.4,2
4611,"lv4v4","m","Moseten",78.1,155.3,67.1,1
24777,"p7gqs","m","Moseten",47,165.3,82.5,1
29866,"zxk2m","f","Moseten",66.7,145.6,48.6,2
10038,"4p83i","m","Moseten",43.1,158.5,NA,2
15363,"s1bo2","m","Moseten",42.7,156.3,71.7,3
13568,"0t3qr","m","Moseten",47.1,155.4,67.3,3
25346,"e4w83","m","Moseten",60.1,163.4,70.3,3
5869,"ic4gy","f","Moseten",62.5,149.5,59,2
21648,"xbxyy","m","Moseten",48.1,162.4,74.3,2
28262,"52dew","m","Moseten",67.8,154.2,61,3
30747,"iqr9q","f","Moseten",63.2,146.3,57,3
31570,"uwi0r","f","Moseten",57.1,146.5,63.8,2
8777,"5i68p","f","Moseten",60.6,149,63.3,3
22190,"17edi","m","Moseten",69.2,163.6,57.4,3
1826,"ucjs1","f","Moseten",58.1,154.6,61.9,3
8432,"riv59","f","Moseten",45.9,150.1,66.4,2
1964,"1d0oj","m","Moseten",45.1,167.5,75.5,2
17490,"hj18r","m","Moseten",60.7,160.4,78.6,2
19905,"i8wrb","f","Moseten",48.5,155,82.1,3
5521,"6tsbp","m","Moseten",46.3,159,91,3
11814,"a4n2w","m","Moseten",63.4,156.1,51.2,3
19638,"0azbp","f","Moseten",55.8,149.5,59.6,1
5934,"xu7sc","m","Moseten",53,169,68.6,2
7947,"bmj56","f","Moseten",50.9,147.3,50.9,2
21982,"pdla0","f","Moseten",54.6,151.5,60.5,2
31195,"gqkng","m","Moseten",50.5,160,76.2,2
3634,"ktwog","m","Moseten",64.4,159.7,73.2,3
7661,"cfe1o","f","Moseten",58.7,145.6,74.8,3
30891,"ox2h5","f","Moseten",50.8,156.1,74.3,3
14005,"611ga","f","Moseten",52.9,154,64.7,3
6739,"jcc0d","m","Moseten",58.3,151.2,54.9,3
3746,"cf1ue","f","Moseten",52.8,156.1,74.3,3
215,"7suyj","m","Moseten",55.6,160.3,54.9,2
16477,"q3foy","m","Moseten",52.9,159.6,57,2
31422,"f6oq1","f","Moseten",48.4,151.1,58.1,3
29130,"vczgr","f","Moseten",69.2,146,58.1,3
16323,"8r86o","m","Moseten",66.4,151.5,59.3,3
17954,"01bxc","f","Moseten",63.7,139.5,52.7,3
6898,"liuts","m","Moseten",60.5,166.3,64.6,3
18243,"c5phd","f","Moseten",58.8,151.3,60.2,3
20116,"qjbsa","f","Moseten",52.1,148.5,49.7,3
16925,"huk0x","f","Moseten",73.1,144.8,57.6,2
10138,"g9ot8","f","Moseten",51.6,152.7,60.9,2
21410,"ayp5x","f","Moseten",70,141,48.7,2
21984,"580j5","m","Moseten",65.4,155.5,81,2
20346,"wfot5","m","Moseten",64.6,152,74.4,2
32242,"gzrmb","f","Moseten",60.7,142.5,73.3,3
12642,"o5mdi","m","Moseten",46.6,168.9,73.6,3
20086,"n3zg7","f","Moseten",43,152.1,53.8,1
9204,"6ao00","f","Moseten",46.4,162,67.2,3
9989,"n2f5g","f","Moseten",62.3,151.8,57.7,2
28897,"ffkfo","f","Moseten",59.6,146.8,46.7,3
32258,"wq5ds","m","Moseten",55,160,63.1,1
2784,"6lpr0","f","Moseten",54.5,149.3,65.7,1
5616,"ptgch","f","Moseten",72.2,143.5,47.4,3
29308,"gyz07","f","Moseten",47.5,150.2,63.8,3
28288,"42q6k","m","Moseten",58.6,159,73.7,2
17761,"euyzx","f","Moseten",52.6,152.7,71.5,2
16347,"zryax","f","Moseten",65.6,146,44,3
28961,"3mzh1","f","Moseten",50.8,151.6,65.8,3
28227,"nxyi6","m","Moseten",50.6,162,52.4,3
16834,"eb4gx","m","Moseten",80,160,66.3,3
15613,"rjou6","f","Moseten",71,148,42,3
23029,"hoaoh","f","Moseten",65.9,144.3,54.3,3
7358,"uvt7n","m","Moseten",57.3,168.8,81.6,1
25729,"o5vdk","m","Moseten",55.3,159.3,62,3
19628,"wnjug","f","Moseten",50.3,148.8,60.5,3
29145,"m372i","m","Moseten",54,155,59.6,3
22349,"jyj6s","f","Moseten",47.5,154.5,62.5,2
21846,"6lzuj","m","Moseten",66.7,157.5,66.3,3
29298,"ovraw","f","Moseten",61.1,149,64.8,3
10785,"0durb","m","Moseten",55.3,160.8,71.9,3
21339,"duv8e","f","Moseten",49.5,142.1,48.1,3
23133,"a4a8l","m","Moseten",53.3,163,61.5,2
14043,"5muwb","f","Moseten",49.9,149,75.6,2
16579,"t5ylk","m","Moseten",67.5,151.6,59.2,3
16241,"r2kli","f","Moseten",58.2,151,53.7,3
20776,"jkvrv","f","Moseten",49.1,155.7,NA,4
5094,"gdukw","m","Moseten",45.7,159.7,55.2,2
31836,"k2h9b","m","Moseten",58.8,159,76.3,3
29965,"dltnc","f","Moseten",51.8,149.2,62,3
1431,"u9n91","m","Moseten",83.4,146,50.3,3
24099,"2xgqi","f","Moseten",77.7,146.7,43.9,3
14467,"in6h6","m","Moseten",73.7,156.2,57.9,3
534,"dxzjy","f","Moseten",68.1,146.7,40.4,3
29809,"nku00","m","Moseten",76.7,161,58,3
1016,"r7kyz","f","Moseten",70.1,148,58.1,3
27381,"xtp3f","m","Moseten",68.7,156.7,55.9,2
16955,"ckyxa","f","Moseten",65.1,138.9,34.7,3
13073,"lpdoz","m","Moseten",54,166.5,89.7,3
23705,"11dpe","f","Moseten",39.7,NA,56.2,1
5258,"poclc","f","Moseten",24.8,NA,80.1,2
11504,"eubke","f","Moseten",56.5,161.5,73.5,2
16013,"3knqp","f","Moseten",68.8,144,37.1,3
15293,"mwdcr","f","Moseten",64.5,149.5,65.2,2
9415,"9trrv","m","Moseten",50.4,163.4,76.8,3
7714,"t6uou","m","Moseten",70,156.3,48.5,3
5344,"i3t2b","f","Moseten",76.6,147,32.5,1
10121,"n6xgu","f","Moseten",80.9,142.1,39.7,3
22903,"l7rhm","f","Moseten",57.7,143.3,58.4,1
15437,"yovt7","m","Moseten",53.8,156,47.9,3
13396,"o48fq","f","Moseten",65.8,147.1,54.6,3
30987,"qqodb","m","Moseten",9.7,NA,58.7,1
2801,"w01zv","m","Moseten",75.9,159.4,56,3
594,"e71zx","f","Moseten",67.6,149,71.5,3
8473,"9165h","f","Moseten",65.4,152.5,66.2,2
18298,"zlt3j","m","Moseten",64.9,158.8,59.5,3
7927,"4ik1n","f","Moseten",62,147.2,51.6,3
8050,"seyor","m","Moseten",50.8,166.1,71.1,3
4,"ghtqo","f","Moseten",46.3,145.5,54.4,3
16,"l3ltu","f","Moseten",55.2,154,68.6,2
31401,"tzgl5","f","Moseten",54.6,151,58.8,2
19892,"qmnd4","m","Moseten",66.4,160.2,64.3,3
29836,"547q7","f","Moseten",62.3,147.2,62,3
27468,"j1lwm","m","Moseten",82.5,156,65.4,3
8192,"isah5","f","Moseten",55.3,145.9,55.1,3
23360,"9rr3c","f","Moseten",78.9,137.4,55.4,3
19569,"vmaop","m","Moseten",59.1,158.7,73.8,3
20048,"lqqp6","m","Moseten",68.6,151.5,53.1,3
11626,"iwlgx","f","Moseten",65.4,149.5,51.6,3
26065,"p4ga0","m","Moseten",78.6,157.6,61.9,3
709,"ejady","f","Moseten",70.6,153.9,50.2,3
23645,"nhb5q","m","Moseten",69.8,157,72.4,3
25747,"x41ka","f","Moseten",65.4,152,47.7,3
17597,"3xbyx","m","Moseten",51,168,81,3
27536,"thf2s","f","Moseten",46.3,155.2,93.3,3
3917,"uu157","f","Moseten",48.3,150.5,55.3,3
11535,"c88ty","m","Moseten",63,163.1,68.1,3
5339,"61ew6","f","Moseten",58.2,147.5,53.1,3
1308,"q202q","m","Moseten",51.3,158.1,59.4,3
168,"jhw4t","m","Moseten",67.3,151,49.1,3
16185,"bnngc","f","Moseten",75.9,152.5,75.2,3
2751,"5crq5","m","Moseten",60.9,157.1,64,3
5550,"ybokc","f","Moseten",54.5,152,67.9,3
3473,"jpenh","f","Moseten",73.1,150,49.9,3
17574,"z57ls","m","Moseten",53.5,163.6,56.6,3
1694,"ouf63","f","Moseten",49.3,157.2,54.4,3
14682,"q0ql2","m","Moseten",53.6,153.5,54.8,3
30714,"0x92e","f","Moseten",66.5,153,85.3,3
7726,"9tkm4","m","Moseten",51,164.9,76.3,3
23658,"ywa80","f","Moseten",46,150,63.9,2
10212,"kuh4x","m","Moseten",71.9,157.6,55.7,3
31904,"wdj0z","m","Moseten",50.7,157.1,69.3,3
26056,"lla5m","m","Moseten",50.1,159,56,2
1283,"g82x2","f","Moseten",75.8,141.2,NA,3
8074,"0zkc4","f","Moseten",68.3,152,54.4,3
18880,"m8jo4","m","Moseten",68.8,153.4,53.1,3
3116,"f8f1o","f","Moseten",62.7,156.6,45.2,3
9892,"aetnl","m","Moseten",61.8,170.6,72.1,3
10597,"j8op2","f","Moseten",51.9,151.5,66.7,3
9506,"j11sr","m","Moseten",76.2,169.5,89,2
15830,"mvu75","f","Moseten",50.2,149,49.8,2
23673,"ywv5c","m","Moseten",54.8,159.2,82.5,1
15542,"exrjh","f","Moseten",52.3,159.3,59.4,2
7902,"3ltiv","f","Moseten",63.1,150.7,73.1,2
6884,"xv00p","m","Moseten",59.3,148.5,48.8,2
3565,"57as2","f","Moseten",47,153.2,68,2
8349,"fv6i1","m","Moseten",61.6,164,69.7,1
28872,"xjs3w","f","Moseten",56.4,144.1,52,1
25513,"x6rx7","f","Moseten",86.2,146.2,58.4,3
11533,"6b34z","f","Moseten",63,150.5,52,1
29018,"0kawt","f","Moseten",47.4,151.5,66.8,2
30349,"cr9r4","m","Moseten",57.7,155.4,49.8,3
19696,"xb3nw","f","Moseten",52.8,152.5,53.9,3
1123,"k8ctf","m","Moseten",65.9,156,65,3
24613,"q1yv5","f","Moseten",60.5,160.6,55.5,3
18667,"uvs8a","f","Moseten",75.4,144.2,52.6,4
1081,"lpoj0","m","Moseten",70.7,157.4,52.6,1
23482,"9s2dr","f","Moseten",31.4,159,57.5,1
13196,"xe5an","f","Moseten",29.6,153.2,54.7,1
14145,"8ru7z","m","Moseten",66.7,153,51,3
17415,"6trrt","f","Moseten",56.2,148,72.1,3
10789,"94max","f","Moseten",54.9,147.1,46.9,3
21079,"1y5bm","f","Moseten",52,144.4,62.1,3
13179,"emhzb","m","Moseten",52.4,160,70.7,3
10016,"7fjb6","f","Moseten",46.9,151.2,71.5,3
27062,"yh8gc","m","Moseten",47.1,163.5,78.8,3
21744,"lex58","f","Moseten",44.5,147.6,82.7,2
23560,"j3960","f","Moseten",53.3,154.5,70.9,3
14472,"4phu8","m","Moseten",51.6,167,91,2
5,"868in","f","Moseten",49.3,150.7,67.3,3
3026,"y63m3","f","Moseten",45.5,158.5,61.1,2
6192,"8663z","m","Moseten",44.2,162.5,70.8,3
10289,"d16as","f","Moseten",44.1,154.2,97.4,2
12708,"35kjv","f","Moseten",46.7,150.5,55.1,3
22566,"yk3bz","f","Moseten",75.2,149.5,52.7,3
22594,"kvqrx","f","Moseten",54.8,150.3,65.2,2
3996,"ua3n7","m","Moseten",50.3,164.7,65.1,2
22070,"k0xfz","m","Moseten",51.7,167,71.1,1
23569,"mimb7","m","Moseten",64.5,162,64.5,3
26079,"cybsd","f","Moseten",60.3,146.4,47.1,3
29092,"s0tdx","m","Moseten",57.7,152.2,55.1,2
10181,"k5cyp","f","Moseten",53.9,150.2,58.7,2
27690,"scxec","m","Moseten",49.5,160.5,68,2
2090,"oxrlj","m","Moseten",66.2,155,55.4,3
31191,"thm45","f","Moseten",63.8,152.1,58,3
8731,"loi8o","m","Moseten",73,152.5,55.6,3
3217,"2p37s","f","Moseten",66.6,148.8,45.9,3
23474,"3ioz3","f","Moseten",67.1,143,45.5,3
11014,"v6ukl","m","Moseten",66.8,168.7,72.4,3
30153,"86rnq","f","Moseten",71.5,142.5,62.7,3
12813,"1gu3h","m","Moseten",71.2,161.6,72.9,3
25701,"ch6kt","f","Moseten",34.8,147.2,50.2,1
8006,"m7pe0","m","Moseten",78.2,147.7,52.5,3
21122,"kdam1","f","Moseten",71.6,148.8,49,2
29816,"cxbj0","m","Moseten",52.2,160.1,59.6,1
22489,"krdj4","m","Moseten",68,166.1,96.9,3
19840,"6hg91","f","Moseten",63.9,138.3,58.2,3
4244,"ziwyt","f","Moseten",73.7,145.5,36.1,3
8820,"zlo0y","m","Moseten",72.7,160.5,62.8,3
22114,"8f9y1","m","Moseten",53.9,164.7,64.6,2
21064,"15wm6","m","Moseten",50.5,165.5,71.1,2
2614,"2jr4u","f","Moseten",44.3,151,64.4,2
32251,"g8mqo","f","Moseten",68.7,145.8,44.6,3
2408,"crsb2","f","Moseten",64,154,49.8,3
26122,"0nbwi","f","Moseten",46,151.3,71,2
22277,"7e0mm","m","Moseten",58.6,167.5,67.7,2
18896,"v3u5z","f","Moseten",53.8,152.2,56.9,3
6759,"jyqt0","f","Moseten",63,154.6,NA,3
5320,"1a6mw","m","Moseten",62.9,169.2,64,3
31601,"dr26q","m","Moseten",48.5,158.3,62.4,2
18447,"bwi52","m","Moseten",74,162.5,59.9,3
15519,"4tblm","f","Moseten",67.7,152.5,67.1,3
22290,"eaiq2","m","Moseten",63.2,162,56,3
7727,"1jlmh","f","Moseten",47.1,151.5,86.2,3
1252,"fvsz9","m","Moseten",45.3,165.5,64.2,3
11287,"kx2qp","f","Moseten",45.9,154.4,68.1,3
24102,"kr8ak","m","Moseten",50.5,165.5,69,3
121,"or3r3","f","Moseten",47.1,158.5,72,3
22104,"prta5","f","Moseten",60.1,139,63.7,2
478,"t9h0y","m","Moseten",60.4,167,84.4,2
21236,"ul91i","m","Moseten",76.6,160.5,85.5,3
3537,"9pqrt","f","Moseten",60.9,152.2,63,3
11282,"bpafg","m","Moseten",61.7,156.5,59.9,2
8607,"o0xsw","m","Moseten",47.9,160.3,56.3,2
20364,"iqh2b","f","Moseten",89.6,142.3,46.6,3
28384,"ynztx","f","Moseten",51.9,141,55.4,3
8692,"y79u7","f","Moseten",52.5,143,61.4,2
16666,"8eohs","f","Moseten",28.2,148.7,66.3,1
22661,"r8rk7","f","Moseten",49.7,147.5,58.3,2
5915,"jcv2s","f","Moseten",11.2,130.9,33,1
25149,"q2d1g","m","Moseten",53.5,167.5,NA,3
31479,"zdhag","f","Moseten",53,NA,49.6,3
11032,"qutuh","m","Moseten",51.7,NA,64.9,1
22139,"5fbzc","f","Moseten",50.9,145.5,63,2
15294,"w6bff","m","Moseten",65,163.5,87.9,3
7396,"uv2s4","f","Moseten",61.3,142,63,3
17602,"u8fc4","f","Moseten",57.2,153.3,77.5,1
6439,"16b3z","f","Moseten",49.6,153.1,79.2,1
17810,"xp961","m","Moseten",76.7,150,55.9,1
13444,"mqlkx","m","Moseten",61.5,160.5,58,1
27615,"b7mue","f","Moseten",52.9,143.5,47.1,1
32174,"29v6p","m","Moseten",73,152.6,46.6,1
1784,"ksqjd","m","Moseten",73.9,159.9,75.9,2
12856,"ie98v","f","Moseten",70.1,157.5,57,2
7007,"afb42","f","Moseten",67.5,141,68.6,2
1311,"39az8","m","Moseten",74.2,151.8,63.8,2
5416,"iu090","f","Moseten",71.6,147.4,65.4,2
12490,"f697h","m","Moseten",77.4,156,52.5,2
11422,"0yeul","f","Moseten",53.5,145.3,66.1,2
4124,"6ptze","m","Moseten",64.9,182.5,85.2,2
10715,"owieh","f","Moseten",60,151,81.2,2
18370,"nq78h","m","Moseten",54.3,157,64.9,2
11494,"2pumk","m","Moseten",56.9,162,54.5,1
1866,"5r7b6","f","Moseten",55,151,57.7,2
17168,"5m3ff","m","Moseten",55.1,160,64.2,2
20743,"rg8d3","m","Moseten",46.5,158.1,67,1
5820,"4942g","f","Moseten",45.9,159.7,79.8,1
6092,"6rrt3","m","Moseten",48.6,160,64.9,2
1780,"0rm18","m","Moseten",76.7,147.2,46.1,1
17025,"yh8zr","f","Moseten",59.7,163,48,1
13349,"v9r65","f","Moseten",80.9,NA,41.7,1
2396,"w7qzm","m","Moseten",62.5,143,40,1
27942,"ocn7y","m","Moseten",47.4,167.3,95.1,1
7312,"amk23","f","Moseten",52.3,147,54.4,3
11275,"zy0bp","m","Moseten",51.8,166.3,64.6,3
8880,"488bp","f","Moseten",45.9,143.6,88.6,1
31861,"8c2yk","f","Moseten",50.4,166,82.9,1
23379,"nsnat","f","Moseten",46.9,151,80.6,1
23682,"hfoy9","m","Moseten",70.2,153,48.5,3
11095,"3e6mu","f","Moseten",57.2,147,71.5,3
13430,"d9lzz","m","Moseten",52.1,163.3,61.5,2
31092,"dnbhh","m","Moseten",52.2,158.5,62.1,3
25442,"pdjje","f","Moseten",50,160.5,81.9,3
27752,"m0okq","m","Moseten",68.7,146,48.1,3
29099,"hmobk","m","Moseten",68.4,160.7,70.9,3
4755,"nldza","f","Moseten",63.6,151.5,57.5,3
18942,"ca19m","m","Moseten",62.5,160.5,66.8,3
21916,"s6yu8","m","Moseten",53.1,162.3,84.5,3
14006,"lj6dy","f","Moseten",49.5,156.5,74.3,3
5367,"bprsf","f","Moseten",57.9,152.2,77.9,2
20279,"ssa3i","m","Moseten",29.2,156.3,60.7,3
30898,"l1011","m","Moseten",55.4,169.8,52.9,3
10547,"mskfx","f","Moseten",43.5,NA,83.2,1
632,"1mkf6","f","Moseten",78.2,141.6,48.4,3
31185,"ndkh9","m","Moseten",65.4,157.2,62.1,2
16906,"0rwma","f","Moseten",67.2,146,59.9,3
20937,"2e8zm","f","Moseten",58.1,153,74.2,3
18076,"1f45l","f","Moseten",81.9,134.6,36.2,1
29847,"6w9nc","m","Moseten",80.9,157.7,53.8,1
27053,"s4vkt","f","Moseten",75.2,158.2,56.4,1
11952,"tttaf","f","Moseten",73.5,150.5,54.7,1
8,"j3n57","m","Moseten",53,169.1,61.6,3
11591,"nij37","m","Moseten",58.9,158.5,57.1,2
30689,"7lo7a","f","Moseten",56.4,145.2,48.5,2
12503,"48v0i","m","Moseten",72.8,162,86.1,2
13570,"f725i","f","Moseten",65.8,148.2,66.4,2
6651,"si9wq","m","Moseten",74.8,151,51.4,1
27575,"lpr40","m","Moseten",57.8,162.5,63.9,2
32327,"1d75q","f","Moseten",49.8,152,78.2,3
17791,"3gh7b","f","Moseten",86.9,143.2,57.4,3
19759,"ajgqj","f","Moseten",71.8,141.3,40,3
28817,"brgfu","m","Moseten",59.8,156,55.4,1
19427,"0r79j","f","Moseten",53.8,146,54.1,2
17216,"s5jxc","m","Moseten",63.6,163.2,71.5,3
1147,"1g33f","f","Moseten",52.8,153.5,44.7,3
10118,"4jcm0","m","Moseten",56.8,162.5,73.3,3
31368,"o1g7c","m","Moseten",55.7,141.5,34,3
17109,"lo3lj","f","Moseten",45.8,NA,71.8,1
876,"sd5wh","m","Moseten",59.8,157.6,70.3,3
18433,"hcpc9","f","Moseten",56.7,153.5,67.7,3
32246,"rvuzj","f","Moseten",66.9,146.6,63.9,2
1649,"o5ib9","f","Moseten",55.1,139.2,66.6,3
12866,"j7xb6","f","Moseten",74.8,143,60.6,3
23730,"jvo6q","m","Moseten",69.6,160,63.6,3
30284,"m5u9g","m","Moseten",52.1,163.5,68.9,2
24031,"sn2o3","f","Moseten",52.2,152.5,88.2,2
6765,"v7q9s","f","Moseten",28.8,NA,87.4,1
16218,"qggdz","m","Moseten",69.8,157.7,65.1,3
12005,"u2ol9","f","Moseten",48.8,154.7,70.6,2
24750,"usiho","m","Moseten",53.5,161.1,65.4,2
18307,"xxcwz","m","Moseten",44.8,165.2,67.8,1
16224,"z9kbg","f","Moseten",67.2,137.3,50.4,3
12388,"pkq82","f","Moseten",77.1,138.7,45.3,3
7194,"t461f","f","Moseten",48.8,143.6,52.8,3
13955,"zgty9","m","Moseten",73.8,161.8,70.5,3
28583,"ck09l","m","Moseten",56.2,152.2,47.3,3
14022,"6recy","m","Moseten",53.1,165.6,93.9,3
32314,"fh2hy","f","Moseten",44.8,151.1,56.9,3
26439,"60ymc","f","Moseten",68.6,144,56.4,3
15143,"h7roj","f","Moseten",48.8,149.5,80.4,3
20185,"np031","f","Moseten",51.8,NA,59.9,1
28218,"v2r90","m","Moseten",66.4,169.5,NA,3
25360,"n0s2c","f","Moseten",63.8,150,68.3,3
4348,"s5m41","f","Moseten",52.8,147,66.6,1
26818,"6fzvn","m","Moseten",73.8,162.2,59.2,3
18683,"q0fdh","f","Moseten",72.3,145.1,55.6,3
2839,"16vff","f","Moseten",45.8,155.5,NA,2
3024,"vdx71","m","Moseten",71.8,157.5,66.3,3
27818,"3gahi","f","Moseten",65.8,144.5,58,3
15381,"h71ei","f","Moseten",66.8,141.5,54.7,2
26599,"edxmj","m","Moseten",12.8,NA,40.2,1
15616,"zbnfx","m","Moseten",57.8,161,68.3,3
9402,"tpxqo","f","Moseten",54,148.5,75,3
22019,"8wfsw","m","Moseten",58.8,161,61.5,2
12072,"l2i4p","f","Moseten",57.3,153.5,63,2
17609,"7x1l6","m","Moseten",6.8,117.4,NA,1
19588,"9218d","m","Moseten",54.8,164.5,73.3,3
16455,"ecuni","f","Moseten",64.9,145.5,60.7,3
24793,"aksvg","m","Moseten",42.8,153,51,1
23651,"1cvmd","m","Moseten",46.8,172.5,81.3,2
16980,"3tcoc","f","Moseten",43.8,153,99.7,2
4371,"6r47g","m","Moseten",45.8,172,74.1,1
27058,"cbiww","f","Moseten",71.5,144.8,48.6,3
18586,"q7aw8","m","Moseten",69.8,153,68.4,3
10734,"6x1du","m","Moseten",80.8,150.5,46.7,3
25380,"47kne","f","Moseten",71.3,143.2,58.4,3
8827,"blpsp","m","Moseten",89.4,156,65,3
26933,"yjti8","m","Moseten",47.8,161.2,76.8,3
1585,"tjsu9","f","Moseten",46,148.7,80.2,3
21729,"8lav5","m","Moseten",64.1,166.7,81.5,2
12886,"ewpk6","f","Moseten",57.4,155.1,60.4,2
16061,"lmi74","f","Moseten",45.8,152,82.8,2
18691,"ofxnf","m","Moseten",45.8,150,64.2,3
22325,"m73bz","m","Moseten",70.8,170,75.7,3
25027,"jekp7","f","Moseten",56,151,66.4,3
27912,"h99au","m","Moseten",59.1,157.2,58.6,2
13363,"ban72","f","Moseten",45.8,147,50.4,3
20978,"1bk6h","m","Moseten",63.9,160.5,61.9,3
24811,"yvoha","f","Moseten",60.9,156,62.5,3
31777,"568c3","m","Moseten",50.3,174.6,90.7,3
1338,"d5ouz","f","Moseten",50,155,74.2,3
18301,"cl85a","f","Moseten",64.8,139.5,42,2
22620,"ucdf6","m","Moseten",51.8,163,58.2,3
20863,"x0n66","f","Moseten",5.8,115,NA,1
4479,"5av14","m","Moseten",76.7,158.8,51.5,2
31444,"vr2sx","f","Moseten",57.7,147.2,62.2,3
15443,"9gdmq","f","Moseten",59.2,156.5,79.3,3
30271,"qpkvt","m","Moseten",58.8,167,81,3
28028,"2zouf","m","Moseten",53.7,165.2,55.6,3
19957,"tthvz","f","Moseten",53.5,145.5,53.5,3
14971,"v3lw8","f","Moseten",71.8,140.8,41,3
16214,"p7p44","m","Moseten",71.7,161.5,66.5,3
362,"24x7r","m","Moseten",65.3,159,68.6,2
19305,"dvpep","m","Moseten",65.7,149.6,58.5,3
19109,"tehbv","m","Moseten",67.9,161.5,63.1,3
28074,"aq73t","f","Moseten",45.7,153.5,58,3
17951,"jfc34","m","Moseten",61.3,151,46,2
5170,"op04r","m","Moseten",0.8,NA,71.5,1
20913,"vjpj9","f","Moseten",69.6,146,56.6,3
25346,"wl43s","m","Moseten",63.8,163.5,72.7,3
28980,"kn656","f","Moseten",60.6,149.2,64,3
17517,"qkddh","m","Moseten",52.3,164.5,48.8,1
31714,"573js","f","Moseten",44.7,154.3,72.9,2
9790,"l8hm4","f","Moseten",67.8,148,50,2
2679,"f3bjl","f","Moseten",67.8,144,53.5,3
17973,"6qupm","m","Moseten",57.9,160,55.8,3
17612,"1rrf3","f","Moseten",61.2,147.2,79.7,2
28948,"w589c","m","Moseten",59.3,155.4,70.3,3
12605,"xn2tj","f","Moseten",59,148,86,3
15363,"fict2","m","Moseten",46.4,156.5,74.5,3
13454,"fi4yv","m","Moseten",54.8,169.3,78.8,3
5177,"yvk9i","f","Moseten",62.2,150,54.3,2
14181,"hx4fu","m","Moseten",65.8,158,73.5,2
20797,"p630b","m","Moseten",68.7,165.3,64.4,3
9458,"z2kai","f","Moseten",64.3,152,64.4,3
5526,"2fmdf","m","Moseten",48.7,162.4,83.4,3
13025,"dl9wj","f","Moseten",45.3,155.2,71.6,2
5469,"lra7v","f","Moseten",46.2,158.5,82.2,3
20078,"wlr95","m","Moseten",51,158.2,68.2,2
17638,"l0k92","m","Moseten",45.9,165.5,72.9,1
26659,"qeola","m","Moseten",69.9,161.3,65,3
27220,"70wnn","f","Moseten",55.3,150,62,3
7105,"antv7","m","Moseten",48.8,161.6,90.8,3
18781,"8bsmp","m","Moseten",47.2,170,79,3
32229,"jeyms","m","Moseten",50.6,162.5,79.1,3
17324,"76t63","m","Moseten",47.3,158.5,63.1,3
13568,"0jvie","m","Moseten",50.9,155,62.9,3
1586,"3a53o","f","Moseten",46.2,145,78.5,3
4123,"o9r3b","f","Moseten",47.2,150.5,56.3,2
8447,"1dv4q","m","Moseten",57.9,158.2,64.7,3
22117,"1yj4h","m","Moseten",61.5,160.5,75.6,3
28462,"e30zn","f","Moseten",51.3,152.5,91.8,3
2433,"07ncn","m","Moseten",54.8,163.5,81.1,2
28665,"tiuwe","f","Moseten",82.6,NA,52.9,3
10857,"g74vd","f","Moseten",81.1,141.2,42.2,3
24440,"bws5p","m","Moseten",78.2,156.5,48.9,3
14255,"el5pz","m","Moseten",69.1,150.1,51.2,3
4604,"5bgjl","m","Moseten",0.8,NA,55,1
25610,"0nvtp","m","Moseten",10.3,150.3,56.3,1
8324,"69b2e","f","Moseten",42.9,149.2,43,1
31946,"8lzax","m","Moseten",47.9,166.6,64,1
18488,"j8z6j","m","Moseten",68,162.5,83.4,2
12216,"drdbg","f","Moseten",47.9,155.3,69.3,1
16762,"pb9cn","m","Moseten",48.6,160,60.8,2
2566,"akciy","f","Moseten",50.1,148,67,1
29824,"pj0my","f","Moseten",51.8,154,63.7,2
10038,"tz8bd","m","Moseten",46.8,159.7,63.7,2
15909,"13h6r","f","Moseten",51.6,148.2,52.5,2
29866,"7yama","f","Moseten",70.4,145.4,50.7,2
31155,"x0c0t","m","Moseten",48.2,157.6,63.6,2
29619,"xymdc","m","Moseten",51,158.3,59.7,2
27336,"7u647","f","Moseten",48.7,153.1,56.6,2
20756,"zihbv","m","Moseten",61.3,159.5,57.6,2
10689,"9bnjh","m","Moseten",56.3,165,67.3,2
7389,"zcygc","m","Moseten",68.1,158,52.7,2
12732,"3hhvo","f","Moseten",46.2,152.2,62.5,2
29320,"t7374","m","Moseten",46.7,162,70.7,2
23953,"aod5j","m","Moseten",49.3,160,69.9,2
2318,"8njpy","f","Moseten",45.1,145.3,60.4,2
26184,"p95m9","m","Moseten",41.9,160,71.6,1
23165,"um5xj","f","Moseten",49.9,155.6,64.5,1
24347,"v4x7i","m","Moseten",53.6,155.7,83.3,2
21774,"lgzhi","f","Moseten",51.9,150,66.5,2
27038,"r826p","m","Moseten",56.9,164.2,68.5,1
